Workbook

Sheet TP
A1: Season | B1: Team | C1: Possession | D1: Ranking
A2: 2022 | B2: San Antonio | C2: 43.42 | D2: 2.0136813
A3: 2022 | B3: Louisville City | C3: 54.54 | D3: 1.8195865
A4: 2022 | B4: Memphis 901 | C4: 50.62 | D4: 1.5252844
A5: 2022 | B5: San Diego Loyal | C5: 55.63 | D5: 1.2147328
A6: 2022 | B6: Tampa Bay Rowdies | C6: 52.39 | D6: 1.3474392
A7: 2022 | B7: Colorado Springs | C7: 52.16 | D7: 0.88161168
A8: 2022 | B8: Birmingham Legion | C8: 49.76 | D8: 0.85904225
A9: 2022 | B9: Sacramento Republic | C9: 48.87 | D9: 0.66494747
A10: 2022 | B10: Pittsburgh Riverhounds | C10: 50.52 | D10: 0.681197
A11: 2022 | B11: New Mexico United | C11: 50.1 | D11: 0.44828326
A12: 2022 | B12: Miami | C12: 49.1 | D12: 0.46453279
A13: 2022 | B13: Rio Grande Valley | C13: 51.78 | D13: 0.23161905
... A106: 2025 | B106: Ventura County | C106: 53.29 | D106: -0.069781153

Sheet GK
A1: Season | B1: 900+ mins | C1: Team | D1: Possession | E1: Total STDEV | F1: Overall Rank | H1: Short / medium passes per 90 | K1: Accurate short / medium passes, % | O1: Short / Medium Passsing Impact | Q1: Long passes per 90 | T1: Accurate long passes, % | X1: Long Passing Impact | Z1: Progressive passes per 90 | AC1: Accurate progressive passes, % | AG1: Progressive passing Impact | AH1: Passing Impact Stdev | AI1: Passing Impact Percentile | AK1: Conceded goals per 90 | AM1: Shots Against P90 | AQ1: Save rate, % | AU1: Save Impact | AW1: Prevented goals per 90 | AZ1: Aerial duels per 90 | BC1: Padj Aerial duels per 90 | BF1: Aerial duels won, % | BJ1: Padj Aerial duel Impact | BM1: Padj Exits per 90 | BO1: Goal Impact Stdev | BP1: Goal Impact Percentile
A2: 2024 | B2: C. Herrera | C2: Monterey Bay FC | D2: {=INDEX( TP!C:C, MATCH( 1, (TP!A:A = A2) * (TP!B:B = C2), 0 ) )} -> 49.08 | E2: =sum(AH2,BO2) -> 8.6328706 | F2: =PERCENTRANK(E$2:E$134,E2) -> 1 | G2: 20.56 | H2: =PERCENTRANK(G$2:G$134,G2) -> 0.917 | I2: =sum(G2-G$136)/G$137 -> 1.6168809 | J2: 98.04 | K2: =PERCENTRANK(J$2:J$134,J2) -> 0.614 | L2: =sum(J2-J$136)/J$137 -> 0.42999411 | M2: =(J2 * LOG(G2 + 1)) / LOG(MAX(G$2:G$134) + 1) * 100 -> 8792.9521 | N2: =sum(M2-M$136)/M$137 -> 1.5037235 | O2: =PERCENTRANK(N$2:N$134,N2) -> 0.917 | P2: 8.16 | Q2: =PERCENTRANK(P$2:P$134,P2) -> 0.75 | R2: =sum(P2-P$136)/P$137 -> 0.61058534 | S2: 64.2 | T2: =PERCENTRANK(S$2:S$134,S2) -> 0.705 | U2: =sum(S2-S$136)/S$137 -> 0.61666374 | V2: =(S2 * LOG(P2 + 1)) / LOG(MAX(P$2:P$134) + 1) * 100 -> 5197.7529 | W2: =sum(V2-V$136)/V$137 -> 0.89099749 | X2: =PERCENTRANK(W$2:W$134,W2) -> 0.833 | Y2: 5.85 | Z2: =PERCENTRANK(Y$2:Y$134,Y2) -> 0.78 | AA2: =sum(Y2-Y$136)/Y$137 -> 0.60863983 | AB2: 62.07 | AC2: =PERCENTRANK(AB$2:AB$134,AB2) -> 0.174 | AD2: =sum(AB2-AB$136)/AB$137 -> -0.87993805 | AE2: =(AB2 * LOG(Y2 + 1)) / LOG(MAX(Y$2:Y$134) + 1) * 100 -> 4844.271 | AF2: =sum(AE2-AE$136)/AE$137 -> -0.11409304 | AG2: =PERCENTRANK(AF$2:AF$134,AF2) -> 0.455 | AH2: =sum(AG2,X2,O2) -> 2.205 | AI2: =PERCENTRANK(AH$2:AH$134,AH2) -> 0.871 | AJ2: 0.91 | AK2: =PERCENTRANK(AJ$2:AJ$134,AJ2) -> 0.144 | AL2: =1-(AJ2-AJ$136)/AJ$137 -> 1.8909053 | AM2: 4.33 | AN2: =PERCENTRANK(AM$2:AM$134,AM2) -> 0.758 | AO2: =sum(AM2-AM$136)/AM$137 -> 0.45746083 | AP2: 79.07 | AQ2: =PERCENTRANK(AP$2:AP$134,AP2) -> 0.985 | AR2: =sum(AP2-AP$136)/AP$137 -> 1.8427963 | AS2: =(AP2 * LOG(AM2 + 1)) / LOG(MAX(AM$2:AM$134) + 1) * 100 -> 6295.493 | AT2: =sum(AS2-AS$136)/AS$137 -> 1.6885166 | AU2: =PERCENTRANK(AT$2:AT$134,AT2) -> 0.962 | AV2: 0.089 | AW2: =PERCENTRANK(AV$2:AV$134,AV2) -> 0.811 | AX2: =sum(AV2-AV$136)/AV$137 -> 0.8439291 | AY2: 1.01 | AZ2: =PERCENTRANK(AY$2:AY$134,AY2) -> 0.985 | BA2: =sum(AY2-AY$136)/AY$137 -> 2.3442152 | BB2: =AY2 * (2/(1+EXP(-7*(($D2/100)-0.5)))) -> 0.97748924 | BC2: =PERCENTRANK(BB$2:BB$134,BB2) -> 0.97 | BD2: =sum(BB2-BB$136)/BB$137 -> 2.1800795 | BE2: 100 | BF2: =PERCENTRANK(BE$2:BE$134,BE2) -> 0.697 | BG2: =sum(BE2-BE$136)/BE$137 -> 0.72023098 | BH2: =(BE2 * LOG(BB2 + 1)) / LOG(MAX(BB$2:BB$134) + 1) * 100 -> 7510.5707 | BI2: =sum(BH2-BH$136)/BH$137 -> 2.4193383 | BJ2: =PERCENTRANK(BI$2:BI$134,BI2) -> 0.992 | BK2: 2.12 | BL2: =BK2 * (2/(1+EXP(-7*(($D2/100)-0.5)))) -> 2.0517596 | BM2: =PERCENTRANK(BL$2:BL$134,BL2) -> 0.902 | BN2: =sum(BL2-BL$136)/BK$137 -> 1.2736978 | BO2: =sum(AL2,AX2,BI2,BN2) -> 6.4278706 | BP2: =PERCENTRANK(BO$2:BO$134,BO2) -> 0.992
A3: 2024 | B3: K. Ndiaye | C3: Miami | D3: {=INDEX( TP!C:C, MATCH( 1, (TP!A:A = A3) * (TP!B:B = C3), 0 ) )} -> 44.7 | E3: =sum(AH3,BO3) -> 6.2154387 | F3: =PERCENTRANK(E$2:E$134,E3) -> 0.924 | G3: 12.12 | H3: =PERCENTRANK(G$2:G$134,G3) -> 0.508 | I3: =sum(G3-G$136)/G$137 -> -0.15764115 | J3: 92.62 | K3: =PERCENTRANK(J$2:J$134,J3) -> 0 | L3: =sum(J3-J$136)/J$137 -> -3.7564666 | M3: =(J3 * LOG(G3 + 1)) / LOG(MAX(G$2:G$134) + 1) * 100 -> 6963.2312 | N3: =sum(M3-M$136)/M$137 -> -0.38280391 | O3: =PERCENTRANK(N$2:N$134,N3) -> 0.273 | P3: 4.57 | Q3: =PERCENTRANK(P$2:P$134,P3) -> 0.076 | R3: =sum(P3-P$136)/P$137 -> -1.1567291 | S3: 41.3 | T3: =PERCENTRANK(S$2:S$134,S3) -> 0 | U3: =sum(S3-S$136)/S$137 -> -2.6497805 | V3: =(S3 * LOG(P3 + 1)) / LOG(MAX(P$2:P$134) + 1) * 100 -> 2592.73 | W3: =sum(V3-V$136)/V$137 -> -2.3068874 | X3: =PERCENTRANK(W$2:W$134,W3) -> 0 | Y3: 3.38 | Z3: =PERCENTRANK(Y$2:Y$134,Y3) -> 0.068 | AA3: =sum(Y3-Y$136)/Y$137 -> -1.1011624 | AB3: 52.94 | AC3: =PERCENTRANK(AB$2:AB$134,AB3) -> 0.023 | AD3: =sum(AB3-AB$136)/AB$137 -> -2.0249476 | AE3: =(AB3 * LOG(Y3 + 1)) / LOG(MAX(Y$2:Y$134) + 1) * 100 -> 3171.4966 | AF3: =sum(AE3-AE$136)/AE$137 -> -1.7994268 | AG3: =PERCENTRANK(AF$2:AF$134,AF3) -> 0.023 | AH3: =sum(AG3,X3,O3) -> 0.296 | AI3: =PERCENTRANK(AH$2:AH$134,AH3) -> 0.015 | AJ3: 1.79 | AK3: =PERCENTRANK(AJ$2:AJ$134,AJ3) -> 0.917 | AL3: =1-(AJ3-AJ$136)/AJ$137 -> -0.34620172 | AM3: 6.26 | AN3: =PERCENTRANK(AM$2:AM$134,AM3) -> 0.97 | AO3: =sum(AM3-AM$136)/AM$137 -> 2.5539726 | AP3: 71.43 | AQ3: =PERCENTRANK(AP$2:AP$134,AP3) -> 0.735 | AR3: =sum(AP3-AP$136)/AP$137 -> 0.59607393 | AS3: =(AP3 * LOG(AM3 + 1)) / LOG(MAX(AM$2:AM$134) + 1) * 100 -> 6737.4944 | AT3: =sum(AS3-AS$136)/AS$137 -> 2.3018486 | AU3: =PERCENTRANK(AT$2:AT$134,AT3) -> 0.985 | AV3: 0.272 | AW3: =PERCENTRANK(AV$2:AV$134,AV3) -> 0.985 | AX3: =sum(AV3-AV$136)/AV$137 -> 1.7951814 | AY3: 1.19 | AZ3: =PERCENTRANK(AY$2:AY$134,AY3) -> 0.992 | BA3: =sum(AY3-AY$136)/AY$137 -> 3.1106794 | BB3: =AY3 * (2/(1+EXP(-7*(($D3/100)-0.5)))) -> 0.97175259 | BC3: =PERCENTRANK(BB$2:BB$134,BB3) -> 0.962 | BD3: =sum(BB3-BB$136)/BB$137 -> 2.1560863 | BE3: 91.67 | BF3: =PERCENTRANK(BE$2:BE$134,BE3) -> 0.492 | BG3: =sum(BE3-BE$136)/BE$137 -> 0.22024558 | BH3: =(BE3 * LOG(BB3 + 1)) / LOG(MAX(BB$2:BB$134) + 1) * 100 -> 6855.6042 | BI3: =sum(BH3-BH$136)/BH$137 -> 2.0124442 | BJ3: =PERCENTRANK(BI$2:BI$134,BI3) -> 0.97 | BK3: 3.18 | BL3: =BK3 * (2/(1+EXP(-7*(($D3/100)-0.5)))) -> 2.5967842 | BM3: =PERCENTRANK(BL$2:BL$134,BL3) -> 0.992 | BN3: =sum(BL3-BL$136)/BK$137 -> 2.4580149 | BO3: =sum(AL3,AX3,BI3,BN3) -> 5.9194387 | BP3: =PERCENTRANK(BO$2:BO$134,BO3) -> 0.97
A4: 2022 | B4: P. Blanchette | C4: Oakland Roots | D4: {=INDEX( TP!C:C, MATCH( 1, (TP!A:A = A4) * (TP!B:B = C4), 0 ) )} -> 52.67 | E4: =sum(AH4,BO4) -> 8.5664409 | F4: =PERCENTRANK(E$2:E$134,E4) -> 0.992 | G4: 12.58 | H4: =PERCENTRANK(G$2:G$134,G4) -> 0.576 | I4: =sum(G4-G$136)/G$137 -> -0.06092549 | J4: 96.99 | K4: =PERCENTRANK(J$2:J$134,J4) -> 0.311 | L4: =sum(J4-J$136)/J$137 -> -0.38103611 | M4: =(J4 * LOG(G4 + 1)) / LOG(MAX(G$2:G$134) + 1) * 100 -> 7389.3866 | N4: =sum(M4-M$136)/M$137 -> 0.056582105 | O4: =PERCENTRANK(N$2:N$134,N4) -> 0.553 | P4: 10.64 | Q4: =PERCENTRANK(P$2:P$134,P4) -> 0.947 | R4: =sum(P4-P$136)/P$137 -> 1.8314599 | S4: 57.33 | T4: =PERCENTRANK(S$2:S$134,S4) -> 0.371 | U4: =sum(S4-S$136)/S$137 -> -0.36326952 | V4: =(S4 * LOG(P4 + 1)) / LOG(MAX(P$2:P$134) + 1) * 100 -> 5143.6654 | W4: =sum(V4-V$136)/V$137 -> 0.82460054 | X4: =PERCENTRANK(W$2:W$134,W4) -> 0.818 | Y4: 7.71 | Z4: =PERCENTRANK(Y$2:Y$134,Y4) -> 0.955 | AA4: =sum(Y4-Y$136)/Y$137 -> 1.8961832 | AB4: 64.42 | AC4: =PERCENTRANK(AB$2:AB$134,AB4) -> 0.242 | AD4: =sum(AB4-AB$136)/AB$137 -> -0.58522038 | AE4: =(AB4 * LOG(Y4 + 1)) / LOG(MAX(Y$2:Y$134) + 1) * 100 -> 5655.3325 | AF4: =sum(AE4-AE$136)/AE$137 -> 0.703058 | AG4: =PERCENTRANK(AF$2:AF$134,AF4) -> 0.773 | AH4: =sum(AG4,X4,O4) -> 2.144 | AI4: =PERCENTRANK(AH$2:AH$134,AH4) -> 0.833 | AJ4: 1.18 | AK4: =PERCENTRANK(AJ$2:AJ$134,AJ4) -> 0.477 | AL4: =1-(AJ4-AJ$136)/AJ$137 -> 1.2045202 | AM4: 4.68 | AN4: =PERCENTRANK(AM$2:AM$134,AM4) -> 0.856 | AO4: =sum(AM4-AM$136)/AM$137 -> 0.83765726 | AP4: 74.75 | AQ4: =PERCENTRANK(AP$2:AP$134,AP4) -> 0.894 | AR4: =sum(AP4-AP$136)/AP$137 -> 1.1378433 | AS4: =(AP4 * LOG(AM4 + 1)) / LOG(MAX(AM$2:AM$134) + 1) * 100 -> 6177.7413 | AT4: =sum(AS4-AS$136)/AS$137 -> 1.5251215 | AU4: =PERCENTRANK(AT$2:AT$134,AT4) -> 0.939 | AV4: 0.255 | AW4: =PERCENTRANK(AV$2:AV$134,AV4) -> 0.977 | AX4: =sum(AV4-AV$136)/AV$137 -> 1.7068137 | AY4: 0.71 | AZ4: =PERCENTRANK(AY$2:AY$134,AY4) -> 0.864 | BA4: =sum(AY4-AY$136)/AY$137 -> 1.0667748 | BB4: =AY4 * (2/(1+EXP(-7*(($D4/100)-0.5)))) -> 0.77615703 | BC4: =PERCENTRANK(BB$2:BB$134,BB4) -> 0.917 | BD4: =sum(BB4-BB$136)/BB$137 -> 1.3380192 | BE4: 93.33 | BF4: =PERCENTRANK(BE$2:BE$134,BE4) -> 0.598 | BG4: =sum(BE4-BE$136)/BE$137 -> 0.31988252 | BH4: =(BE4 * LOG(BB4 + 1)) / LOG(MAX(BB$2:BB$134) + 1) * 100 -> 5905.7244 | BI4: =sum(BH4-BH$136)/BH$137 -> 1.4223368 | BJ4: =PERCENTRANK(BI$2:BI$134,BI4) -> 0.924 | BK4: 2.22 | BL4: =BK4 * (2/(1+EXP(-7*(($D4/100)-0.5)))) -> 2.4268572 | BM4: =PERCENTRANK(BL$2:BL$134,BL4) -> 0.97 | BN4: =sum(BL4-BL$136)/BK$137 -> 2.0887701 | BO4: =sum(AL4,AX4,BI4,BN4) -> 6.4224409 | BP4: =PERCENTRANK(BO$2:BO$134,BO4) -> 0.985
A5: 2023 | B5: D. Vitiello | C5: Sacramento Republic | D5: {=INDEX( TP!C:C, MATCH( 1, (TP!A:A = A5) * (TP!B:B = C5), 0 ) )} -> 48.42 | E5: =sum(AH5,BO5) -> 7.1567537 | F5: =PERCENTRANK(E$2:E$134,E5) -> 0.962 | G5: 13.49 | H5: =PERCENTRANK(G$2:G$134,G5) -> 0.652 | I5: =sum(G5-G$136)/G$137 -> 0.13040331 | J5: 97.13 | K5: =PERCENTRANK(J$2:J$134,J5) -> 0.341 | L5: =sum(J5-J$136)/J$137 -> -0.27289875 | M5: =(J5 * LOG(G5 + 1)) / LOG(MAX(G$2:G$134) + 1) * 100 -> 7584.049 | N5: =sum(M5-M$136)/M$137 -> 0.25728809 | O5: =PERCENTRANK(N$2:N$134,N5) -> 0.629 | P5: 7.84 | Q5: =PERCENTRANK(P$2:P$134,P5) -> 0.712 | R5: =sum(P5-P$136)/P$137 -> 0.45305314 | S5: 61.48 | T5: =PERCENTRANK(S$2:S$134,S5) -> 0.568 | U5: =sum(S5-S$136)/S$137 -> 0.22868434 | V5: =(S5 * LOG(P5 + 1)) / LOG(MAX(P$2:P$134) + 1) * 100 -> 4897.6223 | W5: =sum(V5-V$136)/V$137 -> 0.52256198 | X5: =PERCENTRANK(W$2:W$134,W5) -> 0.758 | Y5: 5.98 | Z5: =PERCENTRANK(Y$2:Y$134,Y5) -> 0.803 | AA5: =sum(Y5-Y$136)/Y$137 -> 0.69862943 | AB5: 72.22 | AC5: =PERCENTRANK(AB$2:AB$134,AB5) -> 0.583 | AD5: =sum(AB5-AB$136)/AB$137 -> 0.39299147 | AE5: =(AB5 * LOG(Y5 + 1)) / LOG(MAX(Y$2:Y$134) + 1) * 100 -> 5691.4996 | AF5: =sum(AE5-AE$136)/AE$137 -> 0.73949668 | AG5: =PERCENTRANK(AF$2:AF$134,AF5) -> 0.803 | AH5: =sum(AG5,X5,O5) -> 2.19 | AI5: =PERCENTRANK(AH$2:AH$134,AH5) -> 0.864 | AJ5: 0.78 | AK5: =PERCENTRANK(AJ$2:AJ$134,AJ5) -> 0.068 | AL5: =1-(AJ5-AJ$136)/AJ$137 -> 2.2213871 | AM5: 3.21 | AN5: =PERCENTRANK(AM$2:AM$134,AM5) -> 0.212 | AO5: =sum(AM5-AM$136)/AM$137 -> -0.75916773 | AP5: 75.86 | AQ5: =PERCENTRANK(AP$2:AP$134,AP5) -> 0.917 | AR5: =sum(AP5-AP$136)/AP$137 -> 1.3189771 | AS5: =(AP5 * LOG(AM5 + 1)) / LOG(MAX(AM$2:AM$134) + 1) * 100 -> 5188.4819 | AT5: =sum(AS5-AS$136)/AS$137 -> 0.15240072 | AU5: =PERCENTRANK(AT$2:AT$134,AT5) -> 0.576 | AV5: 0.032 | AW5: =PERCENTRANK(AV$2:AV$134,AV5) -> 0.682 | AX5: =sum(AV5-AV$136)/AV$137 -> 0.54763741 | AY5: 0.69 | AZ5: =PERCENTRANK(AY$2:AY$134,AY5) -> 0.848 | BA5: =sum(AY5-AY$136)/AY$137 -> 0.9816121 | BB5: =AY5 * (2/(1+EXP(-7*(($D5/100)-0.5)))) -> 0.65188185 | BC5: =PERCENTRANK(BB$2:BB$134,BB5) -> 0.841 | BD5: =sum(BB5-BB$136)/BB$137 -> 0.81824553 | BE5: 96 | BF5: =PERCENTRANK(BE$2:BE$134,BE5) -> 0.682 | BG5: =sum(BE5-BE$136)/BE$137 -> 0.48014195 | BH5: =(BE5 * LOG(BB5 + 1)) / LOG(MAX(BB$2:BB$134) + 1) * 100 -> 5307.618 | BI5: =sum(BH5-BH$136)/BH$137 -> 1.0507667 | BJ5: =PERCENTRANK(BI$2:BI$134,BI5) -> 0.871 | BK5: 2.11 | BL5: =BK5 * (2/(1+EXP(-7*(($D5/100)-0.5)))) -> 1.9934358 | BM5: =PERCENTRANK(BL$2:BL$134,BL5) -> 0.894 | BN5: =sum(BL5-BL$136)/BK$137 -> 1.1469625 | BO5: =sum(AL5,AX5,BI5,BN5) -> 4.9667537 | BP5: =PERCENTRANK(BO$2:BO$134,BO5) -> 0.947
A6: 2024 | B6: Renan Ribeiro | C6: Hartford Athletic | D6: {=INDEX( TP!C:C, MATCH( 1, (TP!A:A = A6) * (TP!B:B = C6), 0 ) )} -> 48.96 | E6: =sum(AH6,BO6) -> 7.0120131 | F6: =PERCENTRANK(E$2:E$134,E6) -> 0.955 | G6: 14.13 | H6: =PERCENTRANK(G$2:G$134,G6) -> 0.705 | I6: =sum(G6-G$136)/G$137 -> 0.26496423 | J6: 97.81 | K6: =PERCENTRANK(J$2:J$134,J6) -> 0.515 | L6: =sum(J6-J$136)/J$137 -> 0.25233987 | M6: =(J6 * LOG(G6 + 1)) / LOG(MAX(G$2:G$134) + 1) * 100 -> 7760.6111 | N6: =sum(M6-M$136)/M$137 -> 0.43933186 | O6: =PERCENTRANK(N$2:N$134,N6) -> 0.705 | P6: 8.53 | Q6: =PERCENTRANK(P$2:P$134,P6) -> 0.803 | R6: =sum(P6-P$136)/P$137 -> 0.79273195 | S6: 61.29 | T6: =PERCENTRANK(S$2:S$134,S6) -> 0.553 | U6: =sum(S6-S$136)/S$137 -> 0.20158284 | V6: =(S6 * LOG(P6 + 1)) / LOG(MAX(P$2:P$134) + 1) * 100 -> 5050.8706 | W6: =sum(V6-V$136)/V$137 -> 0.71068712 | X6: =PERCENTRANK(W$2:W$134,W6) -> 0.78 | Y6: 4.81 | Z6: =PERCENTRANK(Y$2:Y$134,Y6) -> 0.515 | AA6: =sum(Y6-Y$136)/Y$137 -> -0.11127689 | AB6: 80.71 | AC6: =PERCENTRANK(AB$2:AB$134,AB6) -> 0.939 | AD6: =sum(AB6-AB$136)/AB$137 -> 1.4577375 | AE6: =(AB6 * LOG(Y6 + 1)) / LOG(MAX(Y$2:Y$134) + 1) * 100 -> 5759.9936 | AF6: =sum(AE6-AE$136)/AE$137 -> 0.80850488 | AG6: =PERCENTRANK(AF$2:AF$134,AF6) -> 0.811 | AH6: =sum(AG6,X6,O6) -> 2.296 | AI6: =PERCENTRANK(AH$2:AH$134,AH6) -> 0.902 | AJ6: 1.1 | AK6: =PERCENTRANK(AJ$2:AJ$134,AJ6) -> 0.371 | AL6: =1-(AJ6-AJ$136)/AJ$137 -> 1.4078936 | AM6: 4.61 | AN6: =PERCENTRANK(AM$2:AM$134,AM6) -> 0.841 | AO6: =sum(AM6-AM$136)/AM$137 -> 0.76161798 | AP6: 76.12 | AQ6: =PERCENTRANK(AP$2:AP$134,AP6) -> 0.924 | AR6: =sum(AP6-AP$136)/AP$137 -> 1.3614048 | AS6: =(AP6 * LOG(AM6 + 1)) / LOG(MAX(AM$2:AM$134) + 1) * 100 -> 6246.0528 | AT6: =sum(AS6-AS$136)/AS$137 -> 1.6199121 | AU6: =PERCENTRANK(AT$2:AT$134,AT6) -> 0.955 | AV6: 0.24 | AW6: =PERCENTRANK(AV$2:AV$134,AV6) -> 0.97 | AX6: =sum(AV6-AV$136)/AV$137 -> 1.6288422 | AY6: 0.65 | AZ6: =PERCENTRANK(AY$2:AY$134,AY6) -> 0.795 | BA6: =sum(AY6-AY$136)/AY$137 -> 0.81128671 | BB6: =AY6 * (2/(1+EXP(-7*(($D6/100)-0.5)))) -> 0.62635044 | BC6: =PERCENTRANK(BB$2:BB$134,BB6) -> 0.811 | BD6: =sum(BB6-BB$136)/BB$137 -> 0.71146192 | BE6: 94.74 | BF6: =PERCENTRANK(BE$2:BE$134,BE6) -> 0.674 | BG6: =sum(BE6-BE$136)/BE$137 -> 0.40451391 | BH6: =(BE6 * LOG(BB6 + 1)) / LOG(MAX(BB$2:BB$134) + 1) * 100 -> 5075.3987 | BI6: =sum(BH6-BH$136)/BH$137 -> 0.90650176 | BJ6: =PERCENTRANK(BI$2:BI$134,BI6) -> 0.841 | BK6: 1.89 | BL6: =BK6 * (2/(1+EXP(-7*(($D6/100)-0.5)))) -> 1.8212344 | BM6: =PERCENTRANK(BL$2:BL$134,BL6) -> 0.773 | BN6: =sum(BL6-BL$136)/BK$137 -> 0.77277563 | BO6: =sum(AL6,AX6,BI6,BN6) -> 4.7160131 | BP6: =PERCENTRANK(BO$2:BO$134,BO6) -> 0.932
A7: 2025 | B7: E. Dick | C7: Pittsburgh Riverhounds | D7: {=INDEX( TP!C:C, MATCH( 1, (TP!A:A = A7) * (TP!B:B = C7), 0 ) )} -> 50.64 | E7: =sum(AH7,BO7) -> 7.412269 | F7: =PERCENTRANK(E$2:E$134,E7) -> 0.977 | G7: 6.7 | H7: =PERCENTRANK(G$2:G$134,G7) -> 0.076 | I7: =sum(G7-G$136)/G$137 -> -1.2972039 | J7: 97.1 | K7: =PERCENTRANK(J$2:J$134,J7) -> 0.333 | L7: =sum(J7-J$136)/J$137 -> -0.29607104 | M7: =(J7 * LOG(G7 + 1)) / LOG(MAX(G$2:G$134) + 1) * 100 -> 5788.731 | N7: =sum(M7-M$136)/M$137 -> -1.5937684 | O7: =PERCENTRANK(N$2:N$134,N7) -> 0.068 | P7: 6.73 | Q7: =PERCENTRANK(P$2:P$134,P7) -> 0.538 | R7: =sum(P7-P$136)/P$137 -> -0.093386688 | S7: 64.05 | T7: =PERCENTRANK(S$2:S$134,S7) -> 0.682 | U7: =sum(S7-S$136)/S$137 -> 0.59526782 | V7: =(S7 * LOG(P7 + 1)) / LOG(MAX(P$2:P$134) + 1) * 100 -> 4788.2034 | W7: =sum(V7-V$136)/V$137 -> 0.38824108 | X7: =PERCENTRANK(W$2:W$134,W7) -> 0.712 | Y7: 5.37 | Z7: =PERCENTRANK(Y$2:Y$134,Y7) -> 0.674 | AA7: =sum(Y7-Y$136)/Y$137 -> 0.27637058 | AB7: 82.38 | AC7: =PERCENTRANK(AB$2:AB$134,AB7) -> 0.977 | AD7: =sum(AB7-AB$136)/AB$137 -> 1.6671751 | AE7: =(AB7 * LOG(Y7 + 1)) / LOG(MAX(Y$2:Y$134) + 1) * 100 -> 6186.6327 | AF7: =sum(AE7-AE$136)/AE$137 -> 1.2383472 | AG7: =PERCENTRANK(AF$2:AF$134,AF7) -> 0.917 | AH7: =sum(AG7,X7,O7) -> 1.697 | AI7: =PERCENTRANK(AH$2:AH$134,AH7) -> 0.614 | AJ7: 0.7 | AK7: =PERCENTRANK(AJ$2:AJ$134,AJ7) -> 0.038 | AL7: =1-(AJ7-AJ$136)/AJ$137 -> 2.4247604 | AM7: 2.67 | AN7: =PERCENTRANK(AM$2:AM$134,AM7) -> 0.03 | AO7: =sum(AM7-AM$136)/AM$137 -> -1.3457565 | AP7: 73.96 | AQ7: =PERCENTRANK(AP$2:AP$134,AP7) -> 0.856 | AR7: =sum(AP7-AP$136)/AP$137 -> 1.0089283 | AS7: =(AP7 * LOG(AM7 + 1)) / LOG(MAX(AM$2:AM$134) + 1) * 100 -> 4575.4644 | AT7: =sum(AS7-AS$136)/AS$137 -> -0.69823747 | AU7: =PERCENTRANK(AT$2:AT$134,AT7) -> 0.227 | AV7: 0.009 | AW7: =PERCENTRANK(AV$2:AV$134,AV7) -> 0.621 | AX7: =sum(AV7-AV$136)/AV$137 -> 0.42808111 | AY7: 0.72 | AZ7: =PERCENTRANK(AY$2:AY$134,AY7) -> 0.879 | BA7: =sum(AY7-AY$136)/AY$137 -> 1.1093561 | BB7: =AY7 * (2/(1+EXP(-7*(($D7/100)-0.5)))) -> 0.7361253 | BC7: =PERCENTRANK(BB$2:BB$134,BB7) -> 0.902 | BD7: =sum(BB7-BB$136)/BB$137 -> 1.1705889 | BE7: 88.46 | BF7: =PERCENTRANK(BE$2:BE$134,BE7) -> 0.386 | BG7: =sum(BE7-BE$136)/BE$137 -> 0.027574134 | BH7: =(BE7 * LOG(BB7 + 1)) / LOG(MAX(BB$2:BB$134) + 1) * 100 -> 5375.4303 | BI7: =sum(BH7-BH$136)/BH$137 -> 1.0928947 | BJ7: =PERCENTRANK(BI$2:BI$134,BI7) -> 0.894 | BK7: 2.23 | BL7: =BK7 * (2/(1+EXP(-7*(($D7/100)-0.5)))) -> 2.2799436 | BM7: =PERCENTRANK(BL$2:BL$134,BL7) -> 0.947 | BN7: =sum(BL7-BL$136)/BK$137 -> 1.7695328 | BO7: =sum(AL7,AX7,BI7,BN7) -> 5.715269 | BP7: =PERCENTRANK(BO$2:BO$134,BO7) -> 0.962
A8: 2023 | B8: D. Jacomen | C8: Loudoun United | D8: {=INDEX( TP!C:C, MATCH( 1, (TP!A:A = A8) * (TP!B:B = C8), 0 ) )} -> 50.57 | E8: =sum(AH8,BO8) -> 6.9623005 | F8: =PERCENTRANK(E$2:E$134,E8) -> 0.947 | G8: 14.18 | H8: =PERCENTRANK(G$2:G$134,G8) -> 0.712 | I8: =sum(G8-G$136)/G$137 -> 0.2754768 | J8: 96.33 | K8: =PERCENTRANK(J$2:J$134,J8) -> 0.159 | L8: =sum(J8-J$136)/J$137 -> -0.89082653 | M8: =(J8 * LOG(G8 + 1)) / LOG(MAX(G$2:G$134) + 1) * 100 -> 7652.4646 | N8: =sum(M8-M$136)/M$137 -> 0.32782773 | O8: =PERCENTRANK(N$2:N$134,N8) -> 0.674 | P8: 9.09 | Q8: =PERCENTRANK(P$2:P$134,P8) -> 0.871 | R8: =sum(P8-P$136)/P$137 -> 1.0684133 | S8: 57.96 | T8: =PERCENTRANK(S$2:S$134,S8) -> 0.394 | U8: =sum(S8-S$136)/S$137 -> -0.27340665 | V8: =(S8 * LOG(P8 + 1)) / LOG(MAX(P$2:P$134) + 1) * 100 -> 4897.4242 | W8: =sum(V8-V$136)/V$137 -> 0.52231883 | X8: =PERCENTRANK(W$2:W$134,W8) -> 0.75 | Y8: 6.71 | Z8: =PERCENTRANK(Y$2:Y$134,Y8) -> 0.894 | AA8: =sum(Y8-Y$136)/Y$137 -> 1.2039556 | AB8: 56.9 | AC8: =PERCENTRANK(AB$2:AB$134,AB8) -> 0.091 | AD8: =sum(AB8-AB$136)/AB$137 -> -1.5283169 | AE8: =(AB8 * LOG(Y8 + 1)) / LOG(MAX(Y$2:Y$134) + 1) * 100 -> 4713.719 | AF8: =sum(AE8-AE$136)/AE$137 -> -0.2456252 | AG8: =PERCENTRANK(AF$2:AF$134,AF8) -> 0.371 | AH8: =sum(AG8,X8,O8) -> 1.795 | AI8: =PERCENTRANK(AH$2:AH$134,AH8) -> 0.667 | AJ8: 1.5 | AK8: =PERCENTRANK(AJ$2:AJ$134,AJ8) -> 0.803 | AL8: =1-(AJ8-AJ$136)/AJ$137 -> 0.39102674 | AM8: 4.46 | AN8: =PERCENTRANK(AM$2:AM$134,AM8) -> 0.803 | AO8: =sum(AM8-AM$136)/AM$137 -> 0.59867665 | AP8: 66.23 | AQ8: =PERCENTRANK(AP$2:AP$134,AP8) -> 0.364 | AR8: =sum(AP8-AP$136)/AP$137 -> -0.25248054 | AS8: =(AP8 * LOG(AM8 + 1)) / LOG(MAX(AM$2:AM$134) + 1) * 100 -> 5349.1199 | AT8: =sum(AS8-AS$136)/AS$137 -> 0.37530601 | AU8: =PERCENTRANK(AT$2:AT$134,AT8) -> 0.659 | AV8: 0.016 | AW8: =PERCENTRANK(AV$2:AV$134,AV8) -> 0.644 | AX8: =sum(AV8-AV$136)/AV$137 -> 0.46446781 | AY8: 1.45 | AZ8: =PERCENTRANK(AY$2:AY$134,AY8) -> 1 | BA8: =sum(AY8-AY$136)/AY$137 -> 4.2177944 | BB8: =AY8 * (2/(1+EXP(-7*(($D8/100)-0.5)))) -> 1.4789237 | BC8: =PERCENTRANK(BB$2:BB$134,BB8) -> 1 | BD8: =sum(BB8-BB$136)/BB$137 -> 4.2772997 | BE8: 68 | BF8: =PERCENTRANK(BE$2:BE$134,BE8) -> 0.061 | BG8: =sum(BE8-BE$136)/BE$137 -> -1.2004812 | BH8: =(BE8 * LOG(BB8 + 1)) / LOG(MAX(BB$2:BB$134) + 1) * 100 -> 6800 | BI8: =sum(BH8-BH$136)/BH$137 -> 1.9779004 | BJ8: =PERCENTRANK(BI$2:BI$134,BI8) -> 0.962 | BK8: 2.49 | BL8: =BK8 * (2/(1+EXP(-7*(($D8/100)-0.5)))) -> 2.5396689 | BM8: =PERCENTRANK(BL$2:BL$134,BL8) -> 0.977 | BN8: =sum(BL8-BL$136)/BK$137 -> 2.3339056 | BO8: =sum(AL8,AX8,BI8,BN8) -> 5.1673005 | BP8: =PERCENTRANK(BO$2:BO$134,BO8) -> 0.955
A9: 2024 | B9: E. Dick | C9: Pittsburgh Riverhounds | D9: {=INDEX( TP!C:C, MATCH( 1, (TP!A:A = A9) * (TP!B:B = C9), 0 ) )} -> 45.69 | E9: =sum(AH9,BO9) -> 5.4313238 | F9: =PERCENTRANK(E$2:E$134,E9) -> 0.886 | G9: 7.8 | H9: =PERCENTRANK(G$2:G$134,G9) -> 0.106 | I9: =sum(G9-G$136)/G$137 -> -1.0659273 | J9: 94.87 | K9: =PERCENTRANK(J$2:J$134,J9) -> 0.038 | L9: =sum(J9-J$136)/J$137 -> -2.0185447 | M9: =(J9 * LOG(G9 + 1)) / LOG(MAX(G$2:G$134) + 1) * 100 -> 6025.7739 | N9: =sum(M9-M$136)/M$137 -> -1.349366 | O9: =PERCENTRANK(N$2:N$134,N9) -> 0.083 | P9: 6.07 | Q9: =PERCENTRANK(P$2:P$134,P9) -> 0.348 | R9: =sum(P9-P$136)/P$137 -> -0.41829686 | S9: 59.89 | T9: =PERCENTRANK(S$2:S$134,S9) -> 0.485 | U9: =sum(S9-S$136)/S$137 -> 0.0018875601 | V9: =(S9 * LOG(P9 + 1)) / LOG(MAX(P$2:P$134) + 1) * 100 -> 4281.8279 | W9: =sum(V9-V$136)/V$137 -> -0.23337744 | X9: =PERCENTRANK(W$2:W$134,W9) -> 0.386 | Y9: 4.67 | Z9: =PERCENTRANK(Y$2:Y$134,Y9) -> 0.455 | AA9: =sum(Y9-Y$136)/Y$137 -> -0.20818876 | AB9: 70.71 | AC9: =PERCENTRANK(AB$2:AB$134,AB9) -> 0.545 | AD9: =sum(AB9-AB$136)/AB$137 -> 0.20361969 | AE9: =(AB9 * LOG(Y9 + 1)) / LOG(MAX(Y$2:Y$134) + 1) * 100 -> 4976.3755 | AF9: =sum(AE9-AE$136)/AE$137 -> 0.019003352 | AG9: =PERCENTRANK(AF$2:AF$134,AF9) -> 0.515 | AH9: =sum(AG9,X9,O9) -> 0.984 | AI9: =PERCENTRANK(AH$2:AH$134,AH9) -> 0.205 | AJ9: 0.63 | AK9: =PERCENTRANK(AJ$2:AJ$134,AJ9) -> 0 | AL9: =1-(AJ9-AJ$136)/AJ$137 -> 2.6027121 | AM9: 2.93 | AN9: =PERCENTRANK(AM$2:AM$134,AM9) -> 0.114 | AO9: =sum(AM9-AM$136)/AM$137 -> -1.0633249 | AP9: 78.41 | AQ9: =PERCENTRANK(AP$2:AP$134,AP9) -> 0.97 | AR9: =sum(AP9-AP$136)/AP$137 -> 1.7350951 | AS9: =(AP9 * LOG(AM9 + 1)) / LOG(MAX(AM$2:AM$134) + 1) * 100 -> 5106.1245 | AT9: =sum(AS9-AS$136)/AS$137 -> 0.038119565 | AU9: =PERCENTRANK(AT$2:AT$134,AT9) -> 0.485 | AV9: 0.211 | AW9: =PERCENTRANK(AV$2:AV$134,AV9) -> 0.955 | AX9: =sum(AV9-AV$136)/AV$137 -> 1.4780973 | AY9: 0.63 | AZ9: =PERCENTRANK(AY$2:AY$134,AY9) -> 0.773 | BA9: =sum(AY9-AY$136)/AY$137 -> 0.72612402 | BB9: =AY9 * (2/(1+EXP(-7*(($D9/100)-0.5)))) -> 0.53567887 | BC9: =PERCENTRANK(BB$2:BB$134,BB9) -> 0.659 | BD9: =sum(BB9-BB$136)/BB$137 -> 0.33223333 | BE9: 84.21 | BF9: =PERCENTRANK(BE$2:BE$134,BE9) -> 0.22 | BG9: =sum(BE9-BE$136)/BE$137 -> -0.22752046 | BH9: =(BE9 * LOG(BB9 + 1)) / LOG(MAX(BB$2:BB$134) + 1) * 100 -> 3979.1589 | BI9: =sum(BH9-BH$136)/BH$137 -> 0.22546912 | BJ9: =PERCENTRANK(BI$2:BI$134,BI9) -> 0.576 | BK9: 1.8 | BL9: =BK9 * (2/(1+EXP(-7*(($D9/100)-0.5)))) -> 1.530511 | BM9: =PERCENTRANK(BL$2:BL$134,BL9) -> 0.591 | BN9: =sum(BL9-BL$136)/BK$137 -> 0.14104531 | BO9: =sum(AL9,AX9,BI9,BN9) -> 4.4473238 | BP9: =PERCENTRANK(BO$2:BO$134,BO9) -> 0.917
A10: 2024 | B10: T. Deric | C10: Memphis 901 | D10: {=INDEX( TP!C:C, MATCH( 1, (TP!A:A = A10) * (TP!B:B = C10), 0 ) )} -> 50.52 | E10: =sum(AH10,BO10) -> 6.2787831 | F10: =PERCENTRANK(E$2:E$134,E10) -> 0.932 | G10: 10.74 | H10: =PERCENTRANK(G$2:G$134,G10) -> 0.303 | I10: =sum(G10-G$136)/G$137 -> -0.44778812 | J10: 98.26 | K10: =PERCENTRANK(J$2:J$134,J10) -> 0.712 | L10: =sum(J10-J$136)/J$137 -> 0.59992425 | M10: =(J10 * LOG(G10 + 1)) / LOG(MAX(G$2:G$134) + 1) * 100 -> 7068.3125 | N10: =sum(M10-M$136)/M$137 -> -0.27446022 | O10: =PERCENTRANK(N$2:N$134,N10) -> 0.341 | P10: 9.18 | Q10: =PERCENTRANK(P$2:P$134,P10) -> 0.879 | R10: =sum(P10-P$136)/P$137 -> 1.1127192 | S10: 62.93 | T10: =PERCENTRANK(S$2:S$134,S10) -> 0.644 | U10: =sum(S10-S$136)/S$137 -> 0.43551159 | V10: =(S10 * LOG(P10 + 1)) / LOG(MAX(P$2:P$134) + 1) * 100 -> 5337.8 | W10: =sum(V10-V$136)/V$137 -> 1.0629172 | X10: =PERCENTRANK(W$2:W$134,W10) -> 0.886 | Y10: 7.18 | Z10: =PERCENTRANK(Y$2:Y$134,Y10) -> 0.939 | AA10: =sum(Y10-Y$136)/Y$137 -> 1.5293026 | AB10: 73.04 | AC10: =PERCENTRANK(AB$2:AB$134,AB10) -> 0.636 | AD10: =sum(AB10-AB$136)/AB$137 -> 0.49582913 | AE10: =(AB10 * LOG(Y10 + 1)) / LOG(MAX(Y$2:Y$134) + 1) * 100 -> 6226.0895 | AF10: =sum(AE10-AE$136)/AE$137 -> 1.2781003 | AG10: =PERCENTRANK(AF$2:AF$134,AF10) -> 0.924 | AH10: =sum(AG10,X10,O10) -> 2.151 | AI10: =PERCENTRANK(AH$2:AH$134,AH10) -> 0.841 | AJ10: 1.06 | AK10: =PERCENTRANK(AJ$2:AJ$134,AJ10) -> 0.341 | AL10: =1-(AJ10-AJ$136)/AJ$137 -> 1.5095803 | AM10: 3.44 | AN10: =PERCENTRANK(AM$2:AM$134,AM10) -> 0.333 | AO10: =sum(AM10-AM$136)/AM$137 -> -0.50932436 | AP10: 69.09 | AQ10: =PERCENTRANK(AP$2:AP$134,AP10) -> 0.568 | AR10: =sum(AP10-AP$136)/AP$137 -> 0.21422442 | AS10: =(AP10 * LOG(AM10 + 1)) / LOG(MAX(AM$2:AM$134) + 1) * 100 -> 4900.3043 | AT10: =sum(AS10-AS$136)/AS$137 -> -0.24748158 | AU10: =PERCENTRANK(AT$2:AT$134,AT10) -> 0.386 | AV10: 0.035 | AW10: =PERCENTRANK(AV$2:AV$134,AV10) -> 0.705 | AX10: =sum(AV10-AV$136)/AV$137 -> 0.56323171 | AY10: 0.62 | AZ10: =PERCENTRANK(AY$2:AY$134,AY10) -> 0.765 | BA10: =sum(AY10-AY$136)/AY$137 -> 0.68354267 | BB10: =AY10 * (2/(1+EXP(-7*(($D10/100)-0.5)))) -> 0.63128275 | BC10: =PERCENTRANK(BB$2:BB$134,BB10) -> 0.826 | BD10: =sum(BB10-BB$136)/BB$137 -> 0.73209102 | BE10: 100 | BF10: =PERCENTRANK(BE$2:BE$134,BE10) -> 0.697 | BG10: =sum(BE10-BE$136)/BE$137 -> 0.72023098 | BH10: =(BE10 * LOG(BB10 + 1)) / LOG(MAX(BB$2:BB$134) + 1) * 100 -> 5390.5429 | BI10: =sum(BH10-BH$136)/BH$137 -> 1.1022833 | BJ10: =PERCENTRANK(BI$2:BI$134,BI10) -> 0.902 | BK10: 1.87 | BL10: =BK10 * (2/(1+EXP(-7*(($D10/100)-0.5)))) -> 1.9040302 | BM10: =PERCENTRANK(BL$2:BL$134,BL10) -> 0.826 | BN10: =sum(BL10-BL$136)/BK$137 -> 0.9526878 | BO10: =sum(AL10,AX10,BI10,BN10) -> 4.1277831 | BP10: =PERCENTRANK(BO$2:BO$134,BO10) -> 0.879
A11: 2024 | B11: R. Arozarena | C11: Las Vegas Lights | D11: {=INDEX( TP!C:C, MATCH( 1, (TP!A:A = A11) * (TP!B:B = C11), 0 ) )} -> 59.94 | E11: =sum(AH11,BO11) -> 7.9497241 | F11: =PERCENTRANK(E$2:E$134,E11) -> 0.985 | G11: 15.65 | H11: =PERCENTRANK(G$2:G$134,G11) -> 0.818 | I11: =sum(G11-G$136)/G$137 -> 0.5845464 | J11: 97.84 | K11: =PERCENTRANK(J$2:J$134,J11) -> 0.545 | L11: =sum(J11-J$136)/J$137 -> 0.27551216 | M11: =(J11 * LOG(G11 + 1)) / LOG(MAX(G$2:G$134) + 1) * 100 -> 8036.5447 | N11: =sum(M11-M$136)/M$137 -> 0.72383221 | O11: =PERCENTRANK(N$2:N$134,N11) -> 0.818 | P11: 5.34 | Q11: =PERCENTRANK(P$2:P$134,P11) -> 0.22 | R11: =sum(P11-P$136)/P$137 -> -0.77766719 | S11: 50.63 | T11: =PERCENTRANK(S$2:S$134,S11) -> 0.083 | U11: =sum(S11-S$136)/S$137 -> -1.3189541 | V11: =(S11 * LOG(P11 + 1)) / LOG(MAX(P$2:P$134) + 1) * 100 -> 3418.0888 | W11: =sum(V11-V$136)/V$137 -> -1.2936899 | X11: =PERCENTRANK(W$2:W$134,W11) -> 0.091 | Y11: 3.68 | Z11: =PERCENTRANK(Y$2:Y$134,Y11) -> 0.182 | AA11: =sum(Y11-Y$136)/Y$137 -> -0.8934941 | AB11: 55.96 | AC11: =PERCENTRANK(AB$2:AB$134,AB11) -> 0.083 | AD11: =sum(AB11-AB$136)/AB$137 -> -1.646204 | AE11: =(AB11 * LOG(Y11 + 1)) / LOG(MAX(Y$2:Y$134) + 1) * 100 -> 3502.7813 | AF11: =sum(AE11-AE$136)/AE$137 -> -1.4656548 | AG11: =PERCENTRANK(AF$2:AF$134,AF11) -> 0.098 | AH11: =sum(AG11,X11,O11) -> 1.007 | AI11: =PERCENTRANK(AH$2:AH$134,AH11) -> 0.212 | AJ11: 1.01 | AK11: =PERCENTRANK(AJ$2:AJ$134,AJ11) -> 0.25 | AL11: =1-(AJ11-AJ$136)/AJ$137 -> 1.6366886 | AM11: 3.92 | AN11: =PERCENTRANK(AM$2:AM$134,AM11) -> 0.568 | AO11: =sum(AM11-AM$136)/AM$137 -> 0.012087878 | AP11: 74.14 | AQ11: =PERCENTRANK(AP$2:AP$134,AP11) -> 0.864 | AR11: =sum(AP11-AP$136)/AP$137 -> 1.0383014 | AS11: =(AP11 * LOG(AM11 + 1)) / LOG(MAX(AM$2:AM$134) + 1) * 100 -> 5620.6088 | AT11: =sum(AS11-AS$136)/AS$137 -> 0.7520307 | AU11: =PERCENTRANK(AT$2:AT$134,AT11) -> 0.788 | AV11: 0.192 | AW11: =PERCENTRANK(AV$2:AV$134,AV11) -> 0.939 | AX11: =sum(AV11-AV$136)/AV$137 -> 1.3793334 | AY11: 0.78 | AZ11: =PERCENTRANK(AY$2:AY$134,AY11) -> 0.939 | BA11: =sum(AY11-AY$136)/AY$137 -> 1.3648442 | BB11: =AY11 * (2/(1+EXP(-7*(($D11/100)-0.5)))) -> 1.0409192 | BC11: =PERCENTRANK(BB$2:BB$134,BB11) -> 0.985 | BD11: =sum(BB11-BB$136)/BB$137 -> 2.4453717 | BE11: 91.3 | BF11: =PERCENTRANK(BE$2:BE$134,BE11) -> 0.485 | BG11: =sum(BE11-BE$136)/BE$137 -> 0.19803734 | BH11: =(BE11 * LOG(BB11 + 1)) / LOG(MAX(BB$2:BB$134) + 1) * 100 -> 7174.6743 | BI11: =sum(BH11-BH$136)/BH$137 -> 2.2106646 | BJ11: =PERCENTRANK(BI$2:BI$134,BI11) -> 0.977 | BK11: 1.69 | BL11: =BK11 * (2/(1+EXP(-7*(($D11/100)-0.5)))) -> 2.255325 | BM11: =PERCENTRANK(BL$2:BL$134,BL11) -> 0.939 | BN11: =sum(BL11-BL$136)/BK$137 -> 1.7160375 | BO11: =sum(AL11,AX11,BI11,BN11) -> 6.9427241 | BP11: =PERCENTRANK(BO$2:BO$134,BO11) -> 1
A12: 2025 | B12: D. Vitiello | C12: Sacramento Republic | D12: {=INDEX( TP!C:C, MATCH( 1, (TP!A:A = A12) * (TP!B:B = C12), 0 ) )} -> 46.29 | E12: =sum(AH12,BO12) -> 4.9341577 | F12: =PERCENTRANK(E$2:E$134,E12) -> 0.841 | G12: 7.86 | H12: =PERCENTRANK(G$2:G$134,G12) -> 0.129 | I12: =sum(G12-G$136)/G$137 -> -1.0533122 | J12: 97.81 | K12: =PERCENTRANK(J$2:J$134,J12) -> 0.515 | L12: =sum(J12-J$136)/J$137 -> 0.25233987 | M12: =(J12 * LOG(G12 + 1)) / LOG(MAX(G$2:G$134) + 1) * 100 -> 6231.9224 | N12: =sum(M12-M$136)/M$137 -> -1.1368174 | O12: =PERCENTRANK(N$2:N$134,N12) -> 0.129 | P12: 4.79 | Q12: =PERCENTRANK(P$2:P$134,P12) -> 0.106 | R12: =sum(P12-P$136)/P$137 -> -1.0484257 | S12: 58.68 | T12: =PERCENTRANK(S$2:S$134,S12) -> 0.417 | U12: =sum(S12-S$136)/S$137 -> -0.17070622 | V12: =(S12 * LOG(P12 + 1)) / LOG(MAX(P$2:P$134) + 1) * 100 -> 3766.9023 | W12: =sum(V12-V$136)/V$137 -> -0.86549196 | X12: =PERCENTRANK(W$2:W$134,W12) -> 0.212 | Y12: 3.53 | Z12: =PERCENTRANK(Y$2:Y$134,Y12) -> 0.121 | AA12: =sum(Y12-Y$136)/Y$137 -> -0.99732825 | AB12: 78.05 | AC12: =PERCENTRANK(AB$2:AB$134,AB12) -> 0.886 | AD12: =sum(AB12-AB$136)/AB$137 -> 1.1241421 | AE12: =(AB12 * LOG(Y12 + 1)) / LOG(MAX(Y$2:Y$134) + 1) * 100 -> 4782.3674 | AF12: =sum(AE12-AE$136)/AE$137 -> -0.17646141 | AG12: =PERCENTRANK(AF$2:AF$134,AF12) -> 0.417 | AH12: =sum(AG12,X12,O12) -> 0.758 | AI12: =PERCENTRANK(AH$2:AH$134,AH12) -> 0.114 | AJ12: 0.77 | AK12: =PERCENTRANK(AJ$2:AJ$134,AJ12) -> 0.061 | AL12: =1-(AJ12-AJ$136)/AJ$137 -> 2.2468087 | AM12: 2.78 | AN12: =PERCENTRANK(AM$2:AM$134,AM12) -> 0.038 | AO12: =sum(AM12-AM$136)/AM$137 -> -1.2262662 | AP12: 72.16 | AQ12: =PERCENTRANK(AP$2:AP$134,AP12) -> 0.788 | AR12: =sum(AP12-AP$136)/AP$137 -> 0.71519793 | AS12: =(AP12 * LOG(AM12 + 1)) / LOG(MAX(AM$2:AM$134) + 1) * 100 -> 4565.5062 | AT12: =sum(AS12-AS$136)/AS$137 -> -0.71205572 | AU12: =PERCENTRANK(AT$2:AT$134,AT12) -> 0.22 | AV12: 0.097 | AW12: =PERCENTRANK(AV$2:AV$134,AV12) -> 0.833 | AX12: =sum(AV12-AV$136)/AV$137 -> 0.8855139 | AY12: 0.69 | AZ12: =PERCENTRANK(AY$2:AY$134,AY12) -> 0.848 | BA12: =sum(AY12-AY$136)/AY$137 -> 0.9816121 | BB12: =AY12 * (2/(1+EXP(-7*(($D12/100)-0.5)))) -> 0.60090369 | BC12: =PERCENTRANK(BB$2:BB$134,BB12) -> 0.773 | BD12: =sum(BB12-BB$136)/BB$137 -> 0.60503235 | BE12: 100 | BF12: =PERCENTRANK(BE$2:BE$134,BE12) -> 0.697 | BG12: =sum(BE12-BE$136)/BE$137 -> 0.72023098 | BH12: =(BE12 * LOG(BB12 + 1)) / LOG(MAX(BB$2:BB$134) + 1) * 100 -> 5183.4721 | BI12: =sum(BH12-BH$136)/BH$137 -> 0.97364175 | BJ12: =PERCENTRANK(BI$2:BI$134,BI12) -> 0.856 | BK12: 1.72 | BL12: =BK12 * (2/(1+EXP(-7*(($D12/100)-0.5)))) -> 1.4979049 | BM12: =PERCENTRANK(BL$2:BL$134,BL12) -> 0.53 | BN12: =sum(BL12-BL$136)/BK$137 -> 0.070193334 | BO12: =sum(AL12,AX12,BI12,BN12) -> 4.1761577 | BP12: =PERCENTRANK(BO$2:BO$134,BO12) -> 0.894
A13: 2024 | B13: D. Vitiello | C13: Sacramento Republic | D13: {=INDEX( TP!C:C, MATCH( 1, (TP!A:A = A13) * (TP!B:B = C13), 0 ) )} -> 49.69 | E13: =sum(AH13,BO13) -> 5.7175231 | F13: =PERCENTRANK(E$2:E$134,E13) -> 0.902 | G13: 12.75 | H13: =PERCENTRANK(G$2:G$134,G13) -> 0.606 | I13: =sum(G13-G$136)/G$137 -> -0.025182747 | J13: 96.28 | K13: =PERCENTRANK(J$2:J$134,J13) -> 0.152 | L13: =sum(J13-J$136)/J$137 -> -0.92944702 | M13: =(J13 * LOG(G13 + 1)) / LOG(MAX(G$2:G$134) + 1) * 100 -> 7370.2766 | N13: =sum(M13-M$136)/M$137 -> 0.036878819 | O13: =PERCENTRANK(N$2:N$134,N13) -> 0.53 | P13: 6.14 | Q13: =PERCENTRANK(P$2:P$134,P13) -> 0.371 | R13: =sum(P13-P$136)/P$137 -> -0.38383669 | S13: 57.27 | T13: =PERCENTRANK(S$2:S$134,S13) -> 0.364 | U13: =sum(S13-S$136)/S$137 -> -0.37182789 | V13: =(S13 * LOG(P13 + 1)) / LOG(MAX(P$2:P$134) + 1) * 100 -> 4115.1367 | W13: =sum(V13-V$136)/V$137 -> -0.43800492 | X13: =PERCENTRANK(W$2:W$134,W13) -> 0.333 | Y13: 4.49 | Z13: =PERCENTRANK(Y$2:Y$134,Y13) -> 0.409 | AA13: =sum(Y13-Y$136)/Y$137 -> -0.33278973 | AB13: 75.78 | AC13: =PERCENTRANK(AB$2:AB$134,AB13) -> 0.758 | AD13: =sum(AB13-AB$136)/AB$137 -> 0.8394574 | AE13: =(AB13 * LOG(Y13 + 1)) / LOG(MAX(Y$2:Y$134) + 1) * 100 -> 5234.0329 | AF13: =sum(AE13-AE$136)/AE$137 -> 0.27859521 | AG13: =PERCENTRANK(AF$2:AF$134,AF13) -> 0.606 | AH13: =sum(AG13,X13,O13) -> 1.469 | AI13: =PERCENTRANK(AH$2:AH$134,AH13) -> 0.477 | AJ13: 0.84 | AK13: =PERCENTRANK(AJ$2:AJ$134,AJ13) -> 0.091 | AL13: =1-(AJ13-AJ$136)/AJ$137 -> 2.068857 | AM13: 3.68 | AN13: =PERCENTRANK(AM$2:AM$134,AM13) -> 0.455 | AO13: =sum(AM13-AM$136)/AM$137 -> -0.24861824 | AP13: 77.27 | AQ13: =PERCENTRANK(AP$2:AP$134,AP13) -> 0.947 | AR13: =sum(AP13-AP$136)/AP$137 -> 1.5490659 | AS13: =(AP13 * LOG(AM13 + 1)) / LOG(MAX(AM$2:AM$134) + 1) * 100 -> 5674.0301 | AT13: =sum(AS13-AS$136)/AS$137 -> 0.82615936 | AU13: =PERCENTRANK(AT$2:AT$134,AT13) -> 0.811 | AV13: 0.12 | AW13: =PERCENTRANK(AV$2:AV$134,AV13) -> 0.879 | AX13: =sum(AV13-AV$136)/AV$137 -> 1.0050702 | AY13: 0.56 | AZ13: =PERCENTRANK(AY$2:AY$134,AY13) -> 0.667 | BA13: =sum(AY13-AY$136)/AY$137 -> 0.42805459 | BB13: =AY13 * (2/(1+EXP(-7*(($D13/100)-0.5)))) -> 0.55392424 | BC13: =PERCENTRANK(BB$2:BB$134,BB13) -> 0.689 | BD13: =sum(BB13-BB$136)/BB$137 -> 0.40854354 | BE13: 100 | BF13: =PERCENTRANK(BE$2:BE$134,BE13) -> 0.697 | BG13: =sum(BE13-BE$136)/BE$137 -> 0.72023098 | BH13: =(BE13 * LOG(BB13 + 1)) / LOG(MAX(BB$2:BB$134) + 1) * 100 -> 4855.3825 | BI13: =sum(BH13-BH$136)/BH$137 -> 0.76981797 | BJ13: =PERCENTRANK(BI$2:BI$134,BI13) -> 0.795 | BK13: 1.67 | BL13: =BK13 * (2/(1+EXP(-7*(($D13/100)-0.5)))) -> 1.6518812 | BM13: =PERCENTRANK(BL$2:BL$134,BL13) -> 0.674 | BN13: =sum(BL13-BL$136)/BK$137 -> 0.40477789 | BO13: =sum(AL13,AX13,BI13,BN13) -> 4.2485231 | BP13: =PERCENTRANK(BO$2:BO$134,BO13) -> 0.902
... A134: 2024 | B134: F. Rodriguez | C134: Miami | D134: {=INDEX( TP!C:C, MATCH( 1, (TP!A:A = A134) * (TP!B:B = C134), 0 ) )} -> 44.7 | E134: =sum(AH134,BO134) -> -7.5545773 | F134: =PERCENTRANK(E$2:E$134,E134) -> 0 | G134: 14.41 | H134: =PERCENTRANK(G$2:G$134,G134) -> 0.727 | I134: =sum(G134-G$136)/G$137 -> 0.32383463 | J134: 96.88 | K134: =PERCENTRANK(J$2:J$134,J134) -> 0.258 | L134: =sum(J134-J$136)/J$137 -> -0.46600118 | M134: =(J134 * LOG(G134 + 1)) / LOG(MAX(G$2:G$134) + 1) * 100 -> 7738.7061 | N134: =sum(M134-M$136)/M$137 -> 0.41674684 | O134: =PERCENTRANK(N$2:N$134,N134) -> 0.697 | P134: 5.68 | Q134: =PERCENTRANK(P$2:P$134,P134) -> 0.295 | R134: =sum(P134-P$136)/P$137 -> -0.61028923 | S134: 53.97 | T134: =PERCENTRANK(S$2:S$134,S134) -> 0.212 | U134: =sum(S134-S$136)/S$137 -> -0.84253819 | V134: =(S134 * LOG(P134 + 1)) / LOG(MAX(P$2:P$134) + 1) * 100 -> 3746.6351 | W134: =sum(V134-V$136)/V$137 -> -0.89037175 | X134: =PERCENTRANK(W$2:W$134,W134) -> 0.197 | Y134: 3.78 | Z134: =PERCENTRANK(Y$2:Y$134,Y134) -> 0.22 | AA134: =sum(Y134-Y$136)/Y$137 -> -0.82427134 | AB134: 64.29 | AC134: =PERCENTRANK(AB$2:AB$134,AB134) -> 0.227 | AD134: =sum(AB134-AB$136)/AB$137 -> -0.60152391 | AE134: =(AB134 * LOG(Y134 + 1)) / LOG(MAX(Y$2:Y$134) + 1) * 100 -> 4079.322 | AF134: =sum(AE134-AE$136)/AE$137 -> -0.8847854 | AG134: =PERCENTRANK(AF$2:AF$134,AF134) -> 0.159 | AH134: =sum(AG134,X134,O134) -> 1.053 | AI134: =PERCENTRANK(AH$2:AH$134,AH134) -> 0.258 | AJ134: 3.15 | AK134: =PERCENTRANK(AJ$2:AJ$134,AJ134) -> 1 | AL134: =1-(AJ134-AJ$136)/AJ$137 -> -3.803549 | AM134: 6.31 | AN134: =PERCENTRANK(AM$2:AM$134,AM134) -> 0.985 | AO134: =sum(AM134-AM$136)/AM$137 -> 2.6082863 | AP134: 50 | AQ134: =PERCENTRANK(AP$2:AP$134,AP134) -> 0.008 | AR134: =sum(AP134-AP$136)/AP$137 -> -2.9009496 | AS134: =(AP134 * LOG(AM134 + 1)) / LOG(MAX(AM$2:AM$134) + 1) * 100 -> 4732.4801 | AT134: =sum(AS134-AS$136)/AS$137 -> -0.48035851 | AU134: =PERCENTRANK(AT$2:AT$134,AT134) -> 0.311 | AV134: -0.768 | AW134: =PERCENTRANK(AV$2:AV$134,AV134) -> 0 | AX134: =sum(AV134-AV$136)/AV$137 -> -3.6108425 | AY134: 0.27 | AZ134: =PERCENTRANK(AY$2:AY$134,AY134) -> 0.212 | BA134: =sum(AY134-AY$136)/AY$137 -> -0.80680446 | BB134: =AY134 * (2/(1+EXP(-7*(($D134/100)-0.5)))) -> 0.22048168 | BC134: =PERCENTRANK(BB$2:BB$134,BB134) -> 0.129 | BD134: =sum(BB134-BB$136)/BB$137 -> -0.98606053 | BE134: 100 | BF134: =PERCENTRANK(BE$2:BE$134,BE134) -> 0.697 | BG134: =sum(BE134-BE$136)/BE$137 -> 0.72023098 | BH134: =(BE134 * LOG(BB134 + 1)) / LOG(MAX(BB$2:BB$134) + 1) * 100 -> 2194.7591 | BI134: =sum(BH134-BH$136)/BH$137 -> -0.88307894 | BJ134: =PERCENTRANK(BI$2:BI$134,BI134) -> 0.182 | BK134: 1.62 | BL134: =BK134 * (2/(1+EXP(-7*(($D134/100)-0.5)))) -> 1.3228901 | BM134: =PERCENTRANK(BL$2:BL$134,BL134) -> 0.386 | BN134: =sum(BL134-BL$136)/BK$137 -> -0.31010685 | BO134: =sum(AL134,AX134,BI134,BN134) -> -8.6075773 | BP134: =PERCENTRANK(BO$2:BO$134,BO134) -> 0
B136: Mean | E136: =AVERAGE(E2:E134) -> 2.4998346 | G136: =AVERAGE(G2:G134) -> 12.869774 | J136: =AVERAGE(J2:J134) -> 97.483308 | M136: =AVERAGE(M2:M134) -> 7334.5083 | N136: =AVERAGE(N2:N134) -> 0 | P136: =AVERAGE(P2:P134) -> 6.9196992 | S136: =AVERAGE(S2:S134) -> 59.876767 | V136: =AVERAGE(V2:V134) -> 4471.9391 | W136: =AVERAGE(W2:W134) -> 0 | Y136: =AVERAGE(Y2:Y134) -> 4.9707519 | AB136: =AVERAGE(AB2:AB134) -> 69.086391 | AE136: =AVERAGE(AE2:AE134) -> 4957.5138 | AF136: =AVERAGE(AF2:AF134) -> 0 | AH136: =AVERAGE(AH2:AH134) -> 1.4998346 | AJ136: =AVERAGE(AJ2:AJ134) -> 1.2604511 | AM136: =AVERAGE(AM2:AM134) -> 3.9088722 | AP136: =AVERAGE(AP2:AP134) -> 67.777218 | AS136: =AVERAGE(AS2:AS134) -> 5078.6534 | AV136: =AVERAGE(AV2:AV134) -> -0.073353383 | AY136: =AVERAGE(AY2:AY134) -> 0.45947368 | BB136: =AVERAGE(BB2:BB134) -> 0.45624361 | BE136: =AVERAGE(BE2:BE134) -> 88.000602 | BH136: =AVERAGE(BH2:BH134) -> 3616.2274 | BI136: =AVERAGE(BI2:BI134) -> 0 | BK136: =AVERAGE(BK2:BK134) -> 1.4809023 | BL136: =AVERAGE(BL2:BL134) -> 1.4656018 | BO136: =AVERAGE(BO2:BO134) -> 1
B137: STDEV | E137: =STDEV(E2:E134) -> 2.6680585 | G137: =STDEV(G2:G134) -> 4.7562102 | J137: =STDEV(J2:J134) -> 1.2946497 | M137: =STDEV(M2:M134) -> 969.88829 | N137: =STDEV(N2:N134) -> 1 | P137: =STDEV(P2:P134) -> 2.0313307 | S137: =STDEV(S2:S134) -> 7.0106815 | V137: =STDEV(V2:V134) -> 814.60809 | W137: =STDEV(W2:W134) -> 1 | Y137: =STDEV(Y2:Y134) -> 1.4446115 | AB137: =STDEV(AB2:AB134) -> 7.9737329 | AE137: =STDEV(AE2:AE134) -> 992.54785 | AF137: =STDEV(AF2:AF134) -> 1 | AH137: =STDEV(AH2:AH134) -> 0.59451462 | AJ137: =STDEV(AJ2:AJ134) -> 0.39336517 | AM137: =STDEV(AM2:AM134) -> 0.92057677 | AP137: =STDEV(AP2:AP134) -> 6.1280686 | AS137: =STDEV(AS2:AS134) -> 720.656 | AV137: =STDEV(AV2:AV134) -> 0.19237799 | AY137: =STDEV(AY2:AY134) -> 0.23484462 | BB137: =STDEV(BB2:BB134) -> 0.23909478 | BE137: =STDEV(BE2:BE134) -> 16.660487 | BH137: =STDEV(BH2:BH134) -> 1609.6729 | BI137: =STDEV(BI2:BI134) -> 1 | BK137: =STDEV(BK2:BK134) -> 0.46020163 | BL137: =STDEV(BL2:BL134) -> 0.46455925 | BO137: =STDEV(BO2:BO134) -> 2.5700562

Sheet CB
A1: Season | B1: 900+ minutes | C1: Team | D1: Possession | E1: Total STDEV | F1: Overall Rank | H1: Defensive duels per 90 | K1: Padj Defensive duels per 90 | N1: Defensive duels won, % | R1: Defensive duels Impact | U1: Padj Aerial duels per 90 | X1: Aerial duels won, % | AB1: PAdj Aerial Duel Impact | AD1: PAdj Interceptions | AF1: Defensive Impact Stdev | AG1: Defenive Impact Percentile | AI1: Lateral Passes per 90 | AL1: Lateral Accurate passes, % | AP1: Lateral Passing Impact | AR1: Forward passes per 90 | AU1: Accurate forward passes, % | AY1: Forward Passing Impact | BA1: Long Passes p90 | BD1: Long passes, % | BH1: Long passes Impact | BJ1: Progressive passes per 90 | BM1: Accurate progressive passes, % | BQ1: Progressive passes Impact | BR1: Passing Impact Stdev | BS1: Passing Impact Percentile
A2: 2022 | B2: N. Cobb | C2: Atlanta United II | D2: {=INDEX( TP!C:C, MATCH( 1, (TP!A:A = A2) * (TP!B:B = C2), 0 ) )} -> 49.82 | E2: =sum(AF2,BR2) -> 3.6302289 | F2: =PERCENTRANK(E$2:E$356,E2) -> 0.833 | G2: 6.78 | H2: =PERCENTRANK(G$2:G$356,G2) -> 0.845 | I2: =sum(G2-G$358)/G$359 -> 1.0391562 | J2: =G2 * (2/(1+EXP(-7*(($D2/100)-0.5)))) -> 6.7372866 | K2: =PERCENTRANK(J$2:J$356,J2) -> 0.83 | L2: =sum(J2-J$358)/J$359 -> 0.99915993 | M2: 68.48 | N2: =PERCENTRANK(M$2:M$356,M2) -> 0.695 | O2: =sum(M2-M$358)/M$359 -> 0.4403789 | P2: =(M2 * LOG(J2 + 1)) / LOG(MAX(J$2:J$356) + 1) * 100 -> 5927.2994 | Q2: =sum(P2-P$358)/P$359 -> 1.1105664 | R2: =PERCENTRANK(Q$2:Q$356,Q2) -> 0.856 | S2: 2.42 | T2: =S2 * (2/(1+EXP(-7*(($D2/100)-0.5)))) -> 2.4047542 | U2: =PERCENTRANK(T$2:T$356,T2) -> 0.119 | V2: =sum(S2-S$358)/S$359 -> -1.2211709 | W2: 59.32 | X2: =PERCENTRANK(W$2:W$356,W2) -> 0.483 | Y2: =sum(W2-W$358)/W$359 -> 0.073474665 | Z2: =(W2 * LOG(T2 + 1)) / LOG(MAX(T$2:T$356) + 1) * 100 -> 3513.8561 | AA2: =sum(Z2-Z$358)/Z$359 -> -0.79976773 | AB2: =PERCENTRANK(AA$2:AA$356,AA2) -> 0.218 | AC2: 8.93 | AD2: =PERCENTRANK(AC$2:AC$356,AC2) -> 0.966 | AE2: =sum(AC2-AC$358)/AC$359 -> 2.0189894 | AF2: =sum(Q2,AA2,AE2) -> 2.3297881 | AG2: =PERCENTRANK(AF$2:AF$356,AF2) -> 0.881 | AH2: 22.3 | AI2: =PERCENTRANK(AH$2:AH$356,AH2) -> 0.791 | AJ2: =sum(AH2-AH$358)/AH$359 -> 0.74072722 | AK2: 94.29 | AL2: =PERCENTRANK(AK$2:AK$356,AK2) -> 0.432 | AM2: =sum(AK2-AK$358)/AK$359 -> 0.074276446 | AN2: =(AK2 * LOG(AH2 + 1)) / LOG(MAX(AH$2:AH$356) + 1) * 100 -> 8356.6156 | AO2: =sum(AN2-AN$358)/AN$359 -> 0.61805409 | AP2: =PERCENTRANK(AO$2:AO$356,AO2) -> 0.74 | AQ2: 20.5 | AR2: =PERCENTRANK(AQ$2:AQ$356,AQ2) -> 0.768 | AS2: =sum(AQ2-AQ$358)/AQ$359 -> 0.70284135 | AT2: 71.54 | AU2: =PERCENTRANK(AT$2:AT$356,AT2) -> 0.28 | AV2: =sum(AT2-AT$358)/AT$359 -> -0.50001259 | AW2: =(AT2 * LOG(AQ2 + 1)) / LOG(MAX(AQ$2:AQ$356) + 1) * 100 -> 6361.4234 | AX2: =sum(AW2-AW$358)/AW$359 -> 0.024577455 | AY2: =PERCENTRANK(AX$2:AX$356,AX2) -> 0.497 | AZ2: 8.63 | BA2: =PERCENTRANK(AZ$2:AZ$356,AZ2) -> 0.91 | BB2: =sum(AZ2-AZ$358)/AZ$359 -> 1.4227658 | BC2: 54.76 | BD2: =PERCENTRANK(BC$2:BC$356,BC2) -> 0.686 | BE2: =sum(BC2-BC$358)/BC$359 -> 0.55692192 | BF2: =(BC2 * LOG(AZ2 + 1)) / LOG(MAX(AZ$2:AZ$356) + 1) * 100 -> 4727.9713 | BG2: =sum(BF2-BF$358)/BF$359 -> 1.3506553 | BH2: =PERCENTRANK(BG$2:BG$356,BG2) -> 0.924 | BI2: 9.49 | BJ2: =PERCENTRANK(BI$2:BI$356,BI2) -> 0.774 | BK2: =sum(BI2-BI$358)/BI$359 -> 0.79919835 | BL2: 56.71 | BM2: =PERCENTRANK(BL$2:BL$356,BL2) -> 0.034 | BN2: =sum(BL2-BL$358)/BL$359 -> -1.7753783 | BO2: =(BL2 * LOG(BI2 + 1)) / LOG(MAX(BI$2:BI$356) + 1) * 100 -> 4854.08 | BP2: =sum(BO2-BO$358)/BO$359 -> -0.69284606 | BQ2: =PERCENTRANK(BP$2:BP$356,BP2) -> 0.229 | BR2: =sum(AO2,AX2,BG2,BP2) -> 1.3004408 | BS2: =PERCENTRANK(BR$2:BR$356,BR2) -> 0.667
A3: 2022 | B3: O. Chukwuma | C3: Atlanta United II | D3: {=INDEX( TP!C:C, MATCH( 1, (TP!A:A = A3) * (TP!B:B = C3), 0 ) )} -> 49.82 | E3: =sum(AF3,BR3) -> 0.40741994 | F3: =PERCENTRANK(E$2:E$356,E3) -> 0.525 | G3: 8.71 | H3: =PERCENTRANK(G$2:G$356,G3) -> 0.986 | I3: =sum(G3-G$358)/G$359 -> 2.4340153 | J3: =G3 * (2/(1+EXP(-7*(($D3/100)-0.5)))) -> 8.6551277 | K3: =PERCENTRANK(J$2:J$356,J3) -> 0.986 | L3: =sum(J3-J$358)/J$359 -> 2.3304351 | M3: 59.28 | N3: =PERCENTRANK(M$2:M$356,M3) -> 0.102 | O3: =sum(M3-M$358)/M$359 -> -1.1677491 | P3: =(M3 * LOG(J3 + 1)) / LOG(MAX(J$2:J$356) + 1) * 100 -> 5686.3038 | Q3: =sum(P3-P$358)/P$359 -> 0.80757482 | R3: =PERCENTRANK(Q$2:Q$356,Q3) -> 0.802 | S3: 2.66 | T3: =S3 * (2/(1+EXP(-7*(($D3/100)-0.5)))) -> 2.6432422 | U3: =PERCENTRANK(T$2:T$356,T3) -> 0.164 | V3: =sum(S3-S$358)/S$359 -> -1.0089579 | W3: 47.06 | X3: =PERCENTRANK(W$2:W$356,W3) -> 0.09 | Y3: =sum(W3-W$358)/W$359 -> -1.3337147 | Z3: =(W3 * LOG(T3 + 1)) / LOG(MAX(T$2:T$356) + 1) * 100 -> 2941.6678 | AA3: =sum(Z3-Z$358)/Z$359 -> -1.3232624 | AB3: =PERCENTRANK(AA$2:AA$356,AA3) -> 0.099 | AC3: 8.18 | AD3: =PERCENTRANK(AC$2:AC$356,AC3) -> 0.91 | AE3: =sum(AC3-AC$358)/AC$359 -> 1.4184152 | AF3: =sum(Q3,AA3,AE3) -> 0.90272769 | AG3: =PERCENTRANK(AF$2:AF$356,AF3) -> 0.667 | AH3: 14.82 | AI3: =PERCENTRANK(AH$2:AH$356,AH3) -> 0.203 | AJ3: =sum(AH3-AH$358)/AH$359 -> -0.70355679 | AK3: 93.31 | AL3: =PERCENTRANK(AK$2:AK$356,AK3) -> 0.299 | AM3: =sum(AK3-AK$358)/AK$359 -> -0.21564587 | AN3: =(AK3 * LOG(AH3 + 1)) / LOG(MAX(AH$2:AH$356) + 1) * 100 -> 7252.7944 | AO3: =sum(AN3-AN$358)/AN$359 -> -0.55702682 | AP3: =PERCENTRANK(AO$2:AO$356,AO3) -> 0.223 | AQ3: 24.73 | AR3: =PERCENTRANK(AQ$2:AQ$356,AQ3) -> 0.969 | AS3: =sum(AQ3-AQ$358)/AQ$359 -> 1.959206 | AT3: 71.94 | AU3: =PERCENTRANK(AT$2:AT$356,AT3) -> 0.302 | AV3: =sum(AT3-AT$358)/AT$359 -> -0.43170026 | AW3: =(AT3 * LOG(AQ3 + 1)) / LOG(MAX(AQ$2:AQ$356) + 1) * 100 -> 6771.4736 | AX3: =sum(AW3-AW$358)/AW$359 -> 0.60325561 | AY3: =PERCENTRANK(AX$2:AX$356,AX3) -> 0.732 | AZ3: 7.83 | BA3: =PERCENTRANK(AZ$2:AZ$356,AZ3) -> 0.839 | BB3: =sum(AZ3-AZ$358)/AZ$359 -> 1.0009943 | BC3: 44.67 | BD3: =PERCENTRANK(BC$2:BC$356,BC3) -> 0.189 | BE3: =sum(BC3-BC$358)/BC$359 -> -0.82313099 | BF3: =(BC3 * LOG(AZ3 + 1)) / LOG(MAX(AZ$2:AZ$356) + 1) * 100 -> 3709.1151 | BG3: =sum(BF3-BF$358)/BF$359 -> 0.042029708 | BH3: =PERCENTRANK(BG$2:BG$356,BG3) -> 0.508 | BI3: 9.03 | BJ3: =PERCENTRANK(BI$2:BI$356,BI3) -> 0.706 | BK3: =sum(BI3-BI$358)/BI$359 -> 0.54224011 | BL3: 58.96 | BM3: =PERCENTRANK(BL$2:BL$356,BL3) -> 0.085 | BN3: =sum(BL3-BL$358)/BL$359 -> -1.4336895 | BO3: =(BL3 * LOG(BI3 + 1)) / LOG(MAX(BI$2:BI$356) + 1) * 100 -> 4950.3869 | BP3: =sum(BO3-BO$358)/BO$359 -> -0.58356624 | BQ3: =PERCENTRANK(BP$2:BP$356,BP3) -> 0.268 | BR3: =sum(AO3,AX3,BG3,BP3) -> -0.49530774 | BS3: =PERCENTRANK(BR$2:BR$356,BR3) -> 0.395
A4: 2022 | B4: B. Washington | C4: Atlanta United II | D4: {=INDEX( TP!C:C, MATCH( 1, (TP!A:A = A4) * (TP!B:B = C4), 0 ) )} -> 49.82 | E4: =sum(AF4,BR4) -> -2.1859037 | F4: =PERCENTRANK(E$2:E$356,E4) -> 0.28 | G4: 8.31 | H4: =PERCENTRANK(G$2:G$356,G4) -> 0.98 | I4: =sum(G4-G$358)/G$359 -> 2.1449253 | J4: =G4 * (2/(1+EXP(-7*(($D4/100)-0.5)))) -> 8.2576477 | K4: =PERCENTRANK(J$2:J$356,J4) -> 0.966 | L4: =sum(J4-J$358)/J$359 -> 2.0545232 | M4: 76.51 | N4: =PERCENTRANK(M$2:M$356,M4) -> 0.975 | O4: =sum(M4-M$358)/M$359 -> 1.8439949 | P4: =(M4 * LOG(J4 + 1)) / LOG(MAX(J$2:J$356) + 1) * 100 -> 7202.988 | Q4: =sum(P4-P$358)/P$359 -> 2.7144252 | R4: =PERCENTRANK(Q$2:Q$356,Q4) -> 1 | S4: 3.23 | T4: =S4 * (2/(1+EXP(-7*(($D4/100)-0.5)))) -> 3.2096513 | U4: =PERCENTRANK(T$2:T$356,T4) -> 0.316 | V4: =sum(S4-S$358)/S$359 -> -0.50495221 | W4: 74.14 | X4: =PERCENTRANK(W$2:W$356,W4) -> 0.972 | Y4: =sum(W4-W$358)/W$359 -> 1.774498 | Z4: =(W4 * LOG(T4 + 1)) / LOG(MAX(T$2:T$356) + 1) * 100 -> 5152.4006 | AA4: =sum(Z4-Z$358)/Z$359 -> 0.69933538 | AB4: =PERCENTRANK(AA$2:AA$356,AA4) -> 0.74 | AC4: 5.28 | AD4: =PERCENTRANK(AC$2:AC$356,AC4) -> 0.175 | AE4: =sum(AC4-AC$358)/AC$359 -> -0.90380493 | AF4: =sum(Q4,AA4,AE4) -> 2.5099556 | AG4: =PERCENTRANK(AF$2:AF$356,AF4) -> 0.895 | AH4: 15.5 | AI4: =PERCENTRANK(AH$2:AH$356,AH4) -> 0.263 | AJ4: =sum(AH4-AH$358)/AH$359 -> -0.57225824 | AK4: 93.53 | AL4: =PERCENTRANK(AK$2:AK$356,AK4) -> 0.311 | AM4: =sum(AK4-AK$358)/AK$359 -> -0.15056127 | AN4: =(AK4 * LOG(AH4 + 1)) / LOG(MAX(AH$2:AH$356) + 1) * 100 -> 7380.6972 | AO4: =sum(AN4-AN$358)/AN$359 -> -0.42086697 | AP4: =PERCENTRANK(AO$2:AO$356,AO4) -> 0.288 | AQ4: 13.83 | AR4: =PERCENTRANK(AQ$2:AQ$356,AQ4) -> 0.088 | AS4: =sum(AQ4-AQ$358)/AQ$359 -> -1.2782349 | AT4: 78.63 | AU4: =PERCENTRANK(AT$2:AT$356,AT4) -> 0.768 | AV4: =sum(AT4-AT$358)/AT$359 -> 0.71082348 | AW4: =(AT4 * LOG(AQ4 + 1)) / LOG(MAX(AQ$2:AQ$356) + 1) * 100 -> 6145.4788 | AX4: =sum(AW4-AW$358)/AW$359 -> -0.28017165 | AY4: =PERCENTRANK(AX$2:AX$356,AX4) -> 0.37 | AZ4: 2.62 | BA4: =PERCENTRANK(AZ$2:AZ$356,AZ4) -> 0.02 | BB4: =sum(AZ4-AZ$358)/AZ$359 -> -1.7457922 | BC4: 38.3 | BD4: =PERCENTRANK(BC$2:BC$356,BC4) -> 0.045 | BE4: =sum(BC4-BC$358)/BC$359 -> -1.6943834 | BF4: =(BC4 * LOG(AZ4 + 1)) / LOG(MAX(AZ$2:AZ$356) + 1) * 100 -> 1878.3018 | BG4: =sum(BF4-BF$358)/BF$359 -> -2.3094791 | BH4: =PERCENTRANK(BG$2:BG$356,BG4) -> 0.023 | BI4: 5.58 | BJ4: =PERCENTRANK(BI$2:BI$356,BI4) -> 0.073 | BK4: =sum(BI4-BI$358)/BI$359 -> -1.3849467 | BL4: 58 | BM4: =PERCENTRANK(BL$2:BL$356,BL4) -> 0.056 | BN4: =sum(BL4-BL$358)/BL$359 -> -1.5794767 | BO4: =(BL4 * LOG(BI4 + 1)) / LOG(MAX(BI$2:BI$356) + 1) * 100 -> 3979.4061 | BP4: =sum(BO4-BO$358)/BO$359 -> -1.6853417 | BQ4: =PERCENTRANK(BP$2:BP$356,BP4) -> 0.048 | BR4: =sum(AO4,AX4,BG4,BP4) -> -4.6958594 | BS4: =PERCENTRANK(BR$2:BR$356,BR4) -> 0.073
A5: 2022 | B5: E. Morales | C5: Atlanta United II | D5: {=INDEX( TP!C:C, MATCH( 1, (TP!A:A = A5) * (TP!B:B = C5), 0 ) )} -> 49.82 | E5: =sum(AF5,BR5) -> -3.8840481 | F5: =PERCENTRANK(E$2:E$356,E5) -> 0.147 | G5: 7.59 | H5: =PERCENTRANK(G$2:G$356,G5) -> 0.938 | I5: =sum(G5-G$358)/G$359 -> 1.6245634 | J5: =G5 * (2/(1+EXP(-7*(($D5/100)-0.5)))) -> 7.5421836 | K5: =PERCENTRANK(J$2:J$356,J5) -> 0.918 | L5: =sum(J5-J$358)/J$359 -> 1.5578816 | M5: 55.07 | N5: =PERCENTRANK(M$2:M$356,M5) -> 0.028 | O5: =sum(M5-M$358)/M$359 -> -1.9036424 | P5: =(M5 * LOG(J5 + 1)) / LOG(MAX(J$2:J$356) + 1) * 100 -> 4997.1501 | Q5: =sum(P5-P$358)/P$359 -> -0.05886329 | R5: =PERCENTRANK(Q$2:Q$356,Q5) -> 0.472 | S5: 4.24 | T5: =S5 * (2/(1+EXP(-7*(($D5/100)-0.5)))) -> 4.2132884 | U5: =PERCENTRANK(T$2:T$356,T5) -> 0.678 | V5: =sum(S5-S$358)/S$359 -> 0.38811055 | W5: 61.04 | X5: =PERCENTRANK(W$2:W$356,W5) -> 0.573 | Y5: =sum(W5-W$358)/W$359 -> 0.27089438 | Z5: =(W5 * LOG(T5 + 1)) / LOG(MAX(T$2:T$356) + 1) * 100 -> 4873.0689 | AA5: =sum(Z5-Z$358)/Z$359 -> 0.44377501 | AB5: =PERCENTRANK(AA$2:AA$356,AA5) -> 0.65 | AC5: 8.22 | AD5: =PERCENTRANK(AC$2:AC$356,AC5) -> 0.915 | AE5: =sum(AC5-AC$358)/AC$359 -> 1.4504458 | AF5: =sum(Q5,AA5,AE5) -> 1.8353576 | AG5: =PERCENTRANK(AF$2:AF$356,AF5) -> 0.845 | AH5: 17 | AI5: =PERCENTRANK(AH$2:AH$356,AH5) -> 0.424 | AJ5: =sum(AH5-AH$358)/AH$359 -> -0.2826291 | AK5: 93.2 | AL5: =PERCENTRANK(AK$2:AK$356,AK5) -> 0.291 | AM5: =sum(AK5-AK$358)/AK$359 -> -0.24818817 | AN5: =(AK5 * LOG(AH5 + 1)) / LOG(MAX(AH$2:AH$356) + 1) * 100 -> 7582.9316 | AO5: =sum(AN5-AN$358)/AN$359 -> -0.20557682 | AP5: =PERCENTRANK(AO$2:AO$356,AO5) -> 0.387 | AQ5: 11.77 | AR5: =PERCENTRANK(AQ$2:AQ$356,AQ5) -> 0.025 | AS5: =sum(AQ5-AQ$358)/AQ$359 -> -1.8900815 | AT5: 69.63 | AU5: =PERCENTRANK(AT$2:AT$356,AT5) -> 0.164 | AV5: =sum(AT5-AT$358)/AT$359 -> -0.82620397 | AW5: =(AT5 * LOG(AQ5 + 1)) / LOG(MAX(AQ$2:AQ$356) + 1) * 100 -> 5140.2552 | AX5: =sum(AW5-AW$358)/AW$359 -> -1.6987807 | AY5: =PERCENTRANK(AX$2:AX$356,AX5) -> 0.056 | AZ5: 4.29 | BA5: =PERCENTRANK(AZ$2:AZ$356,AZ5) -> 0.218 | BB5: =sum(AZ5-AZ$358)/AZ$359 -> -0.86534433 | BC5: 50 | BD5: =PERCENTRANK(BC$2:BC$356,BC5) -> 0.444 | BE5: =sum(BC5-BC$358)/BC$359 -> -0.094123851 | BF5: =(BC5 * LOG(AZ5 + 1)) / LOG(MAX(AZ$2:AZ$356) + 1) * 100 -> 3175.1423 | BG5: =sum(BF5-BF$358)/BF$359 -> -0.64380851 | BH5: =PERCENTRANK(BG$2:BG$356,BG5) -> 0.254 | BI5: 4.95 | BJ5: =PERCENTRANK(BI$2:BI$356,BI5) -> 0.037 | BK5: =sum(BI5-BI$358)/BI$359 -> -1.7368678 | BL5: 41.11 | BM5: =PERCENTRANK(BL$2:BL$356,BL5) -> 0 | BN5: =sum(BL5-BL$358)/BL$359 -> -4.1444201 | BO5: =(BL5 * LOG(BI5 + 1)) / LOG(MAX(BI$2:BI$356) + 1) * 100 -> 2669.9029 | BP5: =sum(BO5-BO$358)/BO$359 -> -3.1712397 | BQ5: =PERCENTRANK(BP$2:BP$356,BP5) -> 0 | BR5: =sum(AO5,AX5,BG5,BP5) -> -5.7194057 | BS5: =PERCENTRANK(BR$2:BR$356,BR5) -> 0.045
A6: 2022 | B6: A. Crognale | C6: Birmingham Legion | D6: {=INDEX( TP!C:C, MATCH( 1, (TP!A:A = A6) * (TP!B:B = C6), 0 ) )} -> 49.76 | E6: =sum(AF6,BR6) -> 4.0468753 | F6: =PERCENTRANK(E$2:E$356,E6) -> 0.859 | G6: 4.68 | H6: =PERCENTRANK(G$2:G$356,G6) -> 0.328 | I6: =sum(G6-G$358)/G$359 -> -0.47856603 | J6: =G6 * (2/(1+EXP(-7*(($D6/100)-0.5)))) -> 4.6406889 | K6: =PERCENTRANK(J$2:J$356,J6) -> 0.351 | L6: =sum(J6-J$358)/J$359 -> -0.4561996 | M6: 65.64 | N6: =PERCENTRANK(M$2:M$356,M6) -> 0.46 | O6: =sum(M6-M$358)/M$359 -> -0.05604321 | P6: =(M6 * LOG(J6 + 1)) / LOG(MAX(J$2:J$356) + 1) * 100 -> 4803.8881 | Q6: =sum(P6-P$358)/P$359 -> -0.30184187 | R6: =PERCENTRANK(Q$2:Q$356,Q6) -> 0.359 | S6: 4.4 | T6: =S6 * (2/(1+EXP(-7*(($D6/100)-0.5)))) -> 4.3630409 | U6: =PERCENTRANK(T$2:T$356,T6) -> 0.712 | V6: =sum(S6-S$358)/S$359 -> 0.52958584 | W6: 68.63 | X6: =PERCENTRANK(W$2:W$356,W6) -> 0.876 | Y6: =sum(W6-W$358)/W$359 -> 1.1420663 | Z6: =(W6 * LOG(T6 + 1)) / LOG(MAX(T$2:T$356) + 1) * 100 -> 5572.981 | AA6: =sum(Z6-Z$358)/Z$359 -> 1.084124 | AB6: =PERCENTRANK(AA$2:AA$356,AA6) -> 0.845 | AC6: 7.34 | AD6: =PERCENTRANK(AC$2:AC$356,AC6) -> 0.791 | AE6: =sum(AC6-AC$358)/AC$359 -> 0.74577215 | AF6: =sum(Q6,AA6,AE6) -> 1.5280543 | AG6: =PERCENTRANK(AF$2:AF$356,AF6) -> 0.797 | AH6: 15.78 | AI6: =PERCENTRANK(AH$2:AH$356,AH6) -> 0.314 | AJ6: =sum(AH6-AH$358)/AH$359 -> -0.51819414 | AK6: 92.17 | AL6: =PERCENTRANK(AK$2:AK$356,AK6) -> 0.192 | AM6: =sum(AK6-AK$358)/AK$359 -> -0.55290243 | AN6: =(AK6 * LOG(AH6 + 1)) / LOG(MAX(AH$2:AH$356) + 1) * 100 -> 7317.0349 | AO6: =sum(AN6-AN$358)/AN$359 -> -0.48863918 | AP6: =PERCENTRANK(AO$2:AO$356,AO6) -> 0.251 | AQ6: 18.36 | AR6: =PERCENTRANK(AQ$2:AQ$356,AQ6) -> 0.528 | AS6: =sum(AQ6-AQ$358)/AQ$359 -> 0.067233687 | AT6: 75.59 | AU6: =PERCENTRANK(AT$2:AT$356,AT6) -> 0.537 | AV6: =sum(AT6-AT$358)/AT$359 -> 0.19164976 | AW6: =(AT6 * LOG(AQ6 + 1)) / LOG(MAX(AQ$2:AQ$356) + 1) * 100 -> 6491.8602 | AX6: =sum(AW6-AW$358)/AW$359 -> 0.20865474 | AY6: =PERCENTRANK(AX$2:AX$356,AX6) -> 0.585 | AZ6: 7.84 | BA6: =PERCENTRANK(AZ$2:AZ$356,AZ6) -> 0.842 | BB6: =sum(AZ6-AZ$358)/AZ$359 -> 1.0062665 | BC6: 58.61 | BD6: =PERCENTRANK(BC$2:BC$356,BC6) -> 0.881 | BE6: =sum(BC6-BC$358)/BC$359 -> 1.0835031 | BF6: =(BC6 * LOG(AZ6 + 1)) / LOG(MAX(AZ$2:AZ$356) + 1) * 100 -> 4869.1337 | BG6: =sum(BF6-BF$358)/BF$359 -> 1.5319653 | BH6: =PERCENTRANK(BG$2:BG$356,BG6) -> 0.949 | BI6: 10.23 | BJ6: =PERCENTRANK(BI$2:BI$356,BI6) -> 0.887 | BK6: =sum(BI6-BI$358)/BI$359 -> 1.2125659 | BL6: 74.72 | BM6: =PERCENTRANK(BL$2:BL$356,BL6) -> 0.836 | BN6: =sum(BL6-BL$358)/BL$359 -> 0.95965018 | BO6: =(BL6 * LOG(BI6 + 1)) / LOG(MAX(BI$2:BI$356) + 1) * 100 -> 6581.1267 | BP6: =sum(BO6-BO$358)/BO$359 -> 1.2668401 | BQ6: =PERCENTRANK(BP$2:BP$356,BP6) -> 0.915 | BR6: =sum(AO6,AX6,BG6,BP6) -> 2.5188209 | BS6: =PERCENTRANK(BR$2:BR$356,BR6) -> 0.794
A7: 2022 | B7: P. Kavita | C7: Birmingham Legion | D7: {=INDEX( TP!C:C, MATCH( 1, (TP!A:A = A7) * (TP!B:B = C7), 0 ) )} -> 49.76 | E7: =sum(AF7,BR7) -> -2.6784533 | F7: =PERCENTRANK(E$2:E$356,E7) -> 0.237 | G7: 5 | H7: =PERCENTRANK(G$2:G$356,G7) -> 0.429 | I7: =sum(G7-G$358)/G$359 -> -0.24729406 | J7: =G7 * (2/(1+EXP(-7*(($D7/100)-0.5)))) -> 4.958001 | K7: =PERCENTRANK(J$2:J$356,J7) -> 0.436 | L7: =sum(J7-J$358)/J$359 -> -0.23593648 | M7: 75.68 | N7: =PERCENTRANK(M$2:M$356,M7) -> 0.958 | O7: =sum(M7-M$358)/M$359 -> 1.6989138 | P7: =(M7 * LOG(J7 + 1)) / LOG(MAX(J$2:J$356) + 1) * 100 -> 5713.8853 | Q7: =sum(P7-P$358)/P$359 -> 0.84225162 | R7: =PERCENTRANK(Q$2:Q$356,Q7) -> 0.814 | S7: 3.67 | T7: =S7 * (2/(1+EXP(-7*(($D7/100)-0.5)))) -> 3.6391727 | U7: =PERCENTRANK(T$2:T$356,T7) -> 0.477 | V7: =sum(S7-S$358)/S$359 -> -0.11589516 | W7: 50.74 | X7: =PERCENTRANK(W$2:W$356,W7) -> 0.181 | Y7: =sum(W7-W$358)/W$359 -> -0.91132834 | Z7: =(W7 * LOG(T7 + 1)) / LOG(MAX(T$2:T$356) + 1) * 100 -> 3764.55 | AA7: =sum(Z7-Z$358)/Z$359 -> -0.57040814 | AB7: =PERCENTRANK(AA$2:AA$356,AA7) -> 0.285 | AC7: 5.51 | AD7: =PERCENTRANK(AC$2:AC$356,AC7) -> 0.246 | AE7: =sum(AC7-AC$358)/AC$359 -> -0.71962884 | AF7: =sum(Q7,AA7,AE7) -> -0.44778537 | AG7: =PERCENTRANK(AF$2:AF$356,AF7) -> 0.41 | AH7: 15.72 | AI7: =PERCENTRANK(AH$2:AH$356,AH7) -> 0.297 | AJ7: =sum(AH7-AH$358)/AH$359 -> -0.5297793 | AK7: 96.74 | AL7: =PERCENTRANK(AK$2:AK$356,AK7) -> 0.819 | AM7: =sum(AK7-AK$358)/AK$359 -> 0.79908223 | AN7: =(AK7 * LOG(AH7 + 1)) / LOG(MAX(AH$2:AH$356) + 1) * 100 -> 7670.0756 | AO7: =sum(AN7-AN$358)/AN$359 -> -0.11280705 | AP7: =PERCENTRANK(AO$2:AO$356,AO7) -> 0.424 | AQ7: 11.4 | AR7: =PERCENTRANK(AQ$2:AQ$356,AQ7) -> 0.023 | AS7: =sum(AQ7-AQ$358)/AQ$359 -> -1.9999763 | AT7: 80.81 | AU7: =PERCENTRANK(AT$2:AT$356,AT7) -> 0.867 | AV7: =sum(AT7-AT$358)/AT$359 -> 1.0831257 | AW7: =(AT7 * LOG(AQ7 + 1)) / LOG(MAX(AQ$2:AQ$356) + 1) * 100 -> 5896.7267 | AX7: =sum(AW7-AW$358)/AW$359 -> -0.63121994 | AY7: =PERCENTRANK(AX$2:AX$356,AX7) -> 0.249 | AZ7: 3.13 | BA7: =PERCENTRANK(AZ$2:AZ$356,AZ7) -> 0.054 | BB7: =sum(AZ7-AZ$358)/AZ$359 -> -1.4769129 | BC7: 63.79 | BD7: =PERCENTRANK(BC$2:BC$356,BC7) -> 0.98 | BE7: =sum(BC7-BC$358)/BC$359 -> 1.7919941 | BF7: =(BC7 * LOG(AZ7 + 1)) / LOG(MAX(AZ$2:AZ$356) + 1) * 100 -> 3448.8901 | BG7: =sum(BF7-BF$358)/BF$359 -> -0.29220496 | BH7: =PERCENTRANK(BG$2:BG$356,BG7) -> 0.381 | BI7: 4.62 | BJ7: =PERCENTRANK(BI$2:BI$356,BI7) -> 0.023 | BK7: =sum(BI7-BI$358)/BI$359 -> -1.9212074 | BL7: 70.18 | BM7: =PERCENTRANK(BL$2:BL$356,BL7) -> 0.607 | BN7: =sum(BL7-BL$358)/BL$359 -> 0.27019825 | BO7: =(BL7 * LOG(BI7 + 1)) / LOG(MAX(BI$2:BI$356) + 1) * 100 -> 4412.0351 | BP7: =sum(BO7-BO$358)/BO$359 -> -1.194436 | BQ7: =PERCENTRANK(BP$2:BP$356,BP7) -> 0.116 | BR7: =sum(AO7,AX7,BG7,BP7) -> -2.2306679 | BS7: =PERCENTRANK(BR$2:BR$356,BR7) -> 0.206
A8: 2023 | B8: A. Crognale | C8: Birmingham Legion | D8: {=INDEX( TP!C:C, MATCH( 1, (TP!A:A = A8) * (TP!B:B = C8), 0 ) )} -> 49.16 | E8: =sum(AF8,BR8) -> 6.3693365 | F8: =PERCENTRANK(E$2:E$356,E8) -> 0.972 | G8: 5.43 | H8: =PERCENTRANK(G$2:G$356,G8) -> 0.565 | I8: =sum(G8-G$358)/G$359 -> 0.063477639 | J8: =G8 * (2/(1+EXP(-7*(($D8/100)-0.5)))) -> 5.270404 | K8: =PERCENTRANK(J$2:J$356,J8) -> 0.541 | L8: =sum(J8-J$358)/J$359 -> -0.019081008 | M8: 69.5 | N8: =PERCENTRANK(M$2:M$356,M8) -> 0.751 | O8: =sum(M8-M$358)/M$359 -> 0.61867135 | P8: =(M8 * LOG(J8 + 1)) / LOG(MAX(J$2:J$356) + 1) * 100 -> 5397.5474 | Q8: =sum(P8-P$358)/P$359 -> 0.444536 | R8: =PERCENTRANK(Q$2:Q$356,Q8) -> 0.698 | S8: 3.97 | T8: =S8 * (2/(1+EXP(-7*(($D8/100)-0.5)))) -> 3.8533156 | U8: =PERCENTRANK(T$2:T$356,T8) -> 0.562 | V8: =sum(S8-S$358)/S$359 -> 0.149371 | W8: 71.92 | X8: =PERCENTRANK(W$2:W$356,W8) -> 0.946 | Y8: =sum(W8-W$358)/W$359 -> 1.5196889 | Z8: =(W8 * LOG(T8 + 1)) / LOG(MAX(T$2:T$356) + 1) * 100 -> 5492.8708 | AA8: =sum(Z8-Z$358)/Z$359 -> 1.0108312 | AB8: =PERCENTRANK(AA$2:AA$356,AA8) -> 0.825 | AC8: 7.96 | AD8: =PERCENTRANK(AC$2:AC$356,AC8) -> 0.887 | AE8: =sum(AC8-AC$358)/AC$359 -> 1.2422468 | AF8: =sum(Q8,AA8,AE8) -> 2.697614 | AG8: =PERCENTRANK(AF$2:AF$356,AF8) -> 0.915 | AH8: 19.05 | AI8: =PERCENTRANK(AH$2:AH$356,AH8) -> 0.607 | AJ8: =sum(AH8-AH$358)/AH$359 -> 0.1131974 | AK8: 94.72 | AL8: =PERCENTRANK(AK$2:AK$356,AK8) -> 0.472 | AM8: =sum(AK8-AK$358)/AK$359 -> 0.20148726 | AN8: =(AK8 * LOG(AH8 + 1)) / LOG(MAX(AH$2:AH$356) + 1) * 100 -> 7994.1821 | AO8: =sum(AN8-AN$358)/AN$359 -> 0.23222286 | AP8: =PERCENTRANK(AO$2:AO$356,AO8) -> 0.588 | AQ8: 20.98 | AR8: =PERCENTRANK(AQ$2:AQ$356,AQ8) -> 0.805 | AS8: =sum(AQ8-AQ$358)/AQ$359 -> 0.84540755 | AT8: 73.83 | AU8: =PERCENTRANK(AT$2:AT$356,AT8) -> 0.429 | AV8: =sum(AT8-AT$358)/AT$359 -> -0.10892449 | AW8: =(AT8 * LOG(AQ8 + 1)) / LOG(MAX(AQ$2:AQ$356) + 1) * 100 -> 6612.3 | AX8: =sum(AW8-AW$358)/AW$359 -> 0.37862391 | AY8: =PERCENTRANK(AX$2:AX$356,AX8) -> 0.65 | AZ8: 8.86 | BA8: =PERCENTRANK(AZ$2:AZ$356,AZ8) -> 0.927 | BB8: =sum(AZ8-AZ$358)/AZ$359 -> 1.5440251 | BC8: 57.06 | BD8: =PERCENTRANK(BC$2:BC$356,BC8) -> 0.805 | BE8: =sum(BC8-BC$358)/BC$359 -> 0.87150287 | BF8: =(BC8 * LOG(AZ8 + 1)) / LOG(MAX(AZ$2:AZ$356) + 1) * 100 -> 4977.8939 | BG8: =sum(BF8-BF$358)/BF$359 -> 1.6716576 | BH8: =PERCENTRANK(BG$2:BG$356,BG8) -> 0.969 | BI8: 10.82 | BJ8: =PERCENTRANK(BI$2:BI$356,BI8) -> 0.941 | BK8: =sum(BI8-BI$358)/BI$359 -> 1.5421428 | BL8: 74.37 | BM8: =PERCENTRANK(BL$2:BL$356,BL8) -> 0.825 | BN8: =sum(BL8-BL$358)/BL$359 -> 0.90649859 | BO8: =(BL8 * LOG(BI8 + 1)) / LOG(MAX(BI$2:BI$356) + 1) * 100 -> 6688.9769 | BP8: =sum(BO8-BO$358)/BO$359 -> 1.3892181 | BQ8: =PERCENTRANK(BP$2:BP$356,BP8) -> 0.929 | BR8: =sum(AO8,AX8,BG8,BP8) -> 3.6717225 | BS8: =PERCENTRANK(BR$2:BR$356,BR8) -> 0.898
A9: 2023 | B9: P. Kavita | C9: Birmingham Legion | D9: {=INDEX( TP!C:C, MATCH( 1, (TP!A:A = A9) * (TP!B:B = C9), 0 ) )} -> 49.16 | E9: =sum(AF9,BR9) -> -0.29136422 | F9: =PERCENTRANK(E$2:E$356,E9) -> 0.455 | G9: 6.95 | H9: =PERCENTRANK(G$2:G$356,G9) -> 0.876 | I9: =sum(G9-G$358)/G$359 -> 1.1620195 | J9: =G9 * (2/(1+EXP(-7*(($D9/100)-0.5)))) -> 6.7457289 | K9: =PERCENTRANK(J$2:J$356,J9) -> 0.833 | L9: =sum(J9-J$358)/J$359 -> 1.0050202 | M9: 77.16 | N9: =PERCENTRANK(M$2:M$356,M9) -> 0.977 | O9: =sum(M9-M$358)/M$359 -> 1.9576127 | P9: =(M9 * LOG(J9 + 1)) / LOG(MAX(J$2:J$356) + 1) * 100 -> 6682.1581 | Q9: =sum(P9-P$358)/P$359 -> 2.0596121 | R9: =PERCENTRANK(Q$2:Q$356,Q9) -> 0.989 | S9: 3.6 | T9: =S9 * (2/(1+EXP(-7*(($D9/100)-0.5)))) -> 3.4941905 | U9: =PERCENTRANK(T$2:T$356,T9) -> 0.427 | V9: =sum(S9-S$358)/S$359 -> -0.1777906 | W9: 60 | X9: =PERCENTRANK(W$2:W$356,W9) -> 0.511 | Y9: =sum(W9-W$358)/W$359 -> 0.15152432 | Z9: =(W9 * LOG(T9 + 1)) / LOG(MAX(T$2:T$356) + 1) * 100 -> 4359.4707 | AA9: =sum(Z9-Z$358)/Z$359 -> -0.026115572 | AB9: =PERCENTRANK(AA$2:AA$356,AA9) -> 0.489 | AC9: 4.58 | AD9: =PERCENTRANK(AC$2:AC$356,AC9) -> 0.059 | AE9: =sum(AC9-AC$358)/AC$359 -> -1.4643408 | AF9: =sum(Q9,AA9,AE9) -> 0.56915568 | AG9: =PERCENTRANK(AF$2:AF$356,AF9) -> 0.59 | AH9: 16 | AI9: =PERCENTRANK(AH$2:AH$356,AH9) -> 0.336 | AJ9: =sum(AH9-AH$358)/AH$359 -> -0.47571519 | AK9: 96.82 | AL9: =PERCENTRANK(AK$2:AK$356,AK9) -> 0.839 | AM9: =sum(AK9-AK$358)/AK$359 -> 0.82274935 | AN9: =(AK9 * LOG(AH9 + 1)) / LOG(MAX(AH$2:AH$356) + 1) * 100 -> 7721.6814 | AO9: =sum(AN9-AN$358)/AN$359 -> -0.057869709 | AP9: =PERCENTRANK(AO$2:AO$356,AO9) -> 0.444 | AQ9: 14.03 | AR9: =PERCENTRANK(AQ$2:AQ$356,AQ9) -> 0.105 | AS9: =sum(AQ9-AQ$358)/AQ$359 -> -1.2188323 | AT9: 83.12 | AU9: =PERCENTRANK(AT$2:AT$356,AT9) -> 0.946 | AV9: =sum(AT9-AT$358)/AT$359 -> 1.4776294 | AW9: =(AT9 * LOG(AQ9 + 1)) / LOG(MAX(AQ$2:AQ$356) + 1) * 100 -> 6528.6753 | AX9: =sum(AW9-AW$358)/AW$359 -> 0.26060954 | AY9: =PERCENTRANK(AX$2:AX$356,AX9) -> 0.607 | AZ9: 3.63 | BA9: =PERCENTRANK(AZ$2:AZ$356,AZ9) -> 0.088 | BB9: =sum(AZ9-AZ$358)/AZ$359 -> -1.2133058 | BC9: 59.5 | BD9: =PERCENTRANK(BC$2:BC$356,BC9) -> 0.901 | BE9: =sum(BC9-BC$358)/BC$359 -> 1.2052322 | BF9: =(BC9 * LOG(AZ9 + 1)) / LOG(MAX(AZ$2:AZ$356) + 1) * 100 -> 3476.155 | BG9: =sum(BF9-BF$358)/BF$359 -> -0.25718574 | BH9: =PERCENTRANK(BG$2:BG$356,BG9) -> 0.395 | BI9: 5.57 | BJ9: =PERCENTRANK(BI$2:BI$356,BI9) -> 0.068 | BK9: =sum(BI9-BI$358)/BI$359 -> -1.3905327 | BL9: 69.35 | BM9: =PERCENTRANK(BL$2:BL$356,BL9) -> 0.551 | BN9: =sum(BL9-BL$358)/BL$359 -> 0.14415307 | BO9: =(BL9 * LOG(BI9 + 1)) / LOG(MAX(BI$2:BI$356) + 1) * 100 -> 4754.2936 | BP9: =sum(BO9-BO$358)/BO$359 -> -0.80607399 | BQ9: =PERCENTRANK(BP$2:BP$356,BP9) -> 0.203 | BR9: =sum(AO9,AX9,BG9,BP9) -> -0.86051989 | BS9: =PERCENTRANK(BR$2:BR$356,BR9) -> 0.345
A10: 2024 | B10: A. Crognale | C10: Birmingham Legion | D10: {=INDEX( TP!C:C, MATCH( 1, (TP!A:A = A10) * (TP!B:B = C10), 0 ) )} -> 49.34 | E10: =sum(AF10,BR10) -> 2.781273 | F10: =PERCENTRANK(E$2:E$356,E10) -> 0.768 | G10: 4.27 | H10: =PERCENTRANK(G$2:G$356,G10) -> 0.209 | I10: =sum(G10-G$358)/G$359 -> -0.77488323 | J10: =G10 * (2/(1+EXP(-7*(($D10/100)-0.5)))) -> 4.1713805 | K10: =PERCENTRANK(J$2:J$356,J10) -> 0.221 | L10: =sum(J10-J$358)/J$359 -> -0.78197142 | M10: 62.99 | N10: =PERCENTRANK(M$2:M$356,M10) -> 0.305 | O10: =sum(M10-M$358)/M$359 -> -0.51925398 | P10: =(M10 * LOG(J10 + 1)) / LOG(MAX(J$2:J$356) + 1) * 100 -> 4378.4737 | Q10: =sum(P10-P$358)/P$359 -> -0.83669395 | R10: =PERCENTRANK(Q$2:Q$356,Q10) -> 0.184 | S10: 3.53 | T10: =S10 * (2/(1+EXP(-7*(($D10/100)-0.5)))) -> 3.4484715 | U10: =PERCENTRANK(T$2:T$356,T10) -> 0.418 | V10: =sum(S10-S$358)/S$359 -> -0.23968604 | W10: 68.57 | X10: =PERCENTRANK(W$2:W$356,W10) -> 0.873 | Y10: =sum(W10-W$358)/W$359 -> 1.1351795 | Z10: =(W10 * LOG(T10 + 1)) / LOG(MAX(T$2:T$356) + 1) * 100 -> 4948.2498 | AA10: =sum(Z10-Z$358)/Z$359 -> 0.5125579 | AB10: =PERCENTRANK(AA$2:AA$356,AA10) -> 0.675 | AC10: 7.36 | AD10: =PERCENTRANK(AC$2:AC$356,AC10) -> 0.799 | AE10: =sum(AC10-AC$358)/AC$359 -> 0.76178746 | AF10: =sum(Q10,AA10,AE10) -> 0.43765141 | AG10: =PERCENTRANK(AF$2:AF$356,AF10) -> 0.573 | AH10: 22.08 | AI10: =PERCENTRANK(AH$2:AH$356,AH10) -> 0.78 | AJ10: =sum(AH10-AH$358)/AH$359 -> 0.69824828 | AK10: 95.28 | AL10: =PERCENTRANK(AK$2:AK$356,AK10) -> 0.556 | AM10: =sum(AK10-AK$358)/AK$359 -> 0.36715715 | AN10: =(AK10 * LOG(AH10 + 1)) / LOG(MAX(AH$2:AH$356) + 1) * 100 -> 8418.9115 | AO10: =sum(AN10-AN$358)/AN$359 -> 0.6843717 | AP10: =PERCENTRANK(AO$2:AO$356,AO10) -> 0.76 | AQ10: 18.35 | AR10: =PERCENTRANK(AQ$2:AQ$356,AQ10) -> 0.525 | AS10: =sum(AQ10-AQ$358)/AQ$359 -> 0.064263557 | AT10: 73.26 | AU10: =PERCENTRANK(AT$2:AT$356,AT10) -> 0.381 | AV10: =sum(AT10-AT$358)/AT$359 -> -0.20626957 | AW10: =(AT10 * LOG(AQ10 + 1)) / LOG(MAX(AQ$2:AQ$356) + 1) * 100 -> 6290.6569 | AX10: =sum(AW10-AW$358)/AW$359 -> -0.075290882 | AY10: =PERCENTRANK(AX$2:AX$356,AX10) -> 0.458 | AZ10: 8.2 | BA10: =PERCENTRANK(AZ$2:AZ$356,AZ10) -> 0.893 | BB10: =sum(AZ10-AZ$358)/AZ$359 -> 1.1960636 | BC10: 52.46 | BD10: =PERCENTRANK(BC$2:BC$356,BC10) -> 0.582 | BE10: =sum(BC10-BC$358)/BC$359 -> 0.24234098 | BF10: =(BC10 * LOG(AZ10 + 1)) / LOG(MAX(AZ$2:AZ$356) + 1) * 100 -> 4438.0377 | BG10: =sum(BF10-BF$358)/BF$359 -> 0.97826271 | BH10: =PERCENTRANK(BG$2:BG$356,BG10) -> 0.842 | BI10: 8.94 | BJ10: =PERCENTRANK(BI$2:BI$356,BI10) -> 0.684 | BK10: =sum(BI10-BI$358)/BI$359 -> 0.49196567 | BL10: 73.31 | BM10: =PERCENTRANK(BL$2:BL$356,BL10) -> 0.771 | BN10: =sum(BL10-BL$358)/BL$359 -> 0.74552524 | BO10: =(BL10 * LOG(BI10 + 1)) / LOG(MAX(BI$2:BI$356) + 1) * 100 -> 6131.1749 | BP10: =sum(BO10-BO$358)/BO$359 -> 0.7562781 | BQ10: =PERCENTRANK(BP$2:BP$356,BP10) -> 0.78 | BR10: =sum(AO10,AX10,BG10,BP10) -> 2.3436216 | BS10: =PERCENTRANK(BR$2:BR$356,BR10) -> 0.774
A11: 2024 | B11: P. Kavita | C11: Birmingham Legion | D11: {=INDEX( TP!C:C, MATCH( 1, (TP!A:A = A11) * (TP!B:B = C11), 0 ) )} -> 49.34 | E11: =sum(AF11,BR11) -> -4.0753341 | F11: =PERCENTRANK(E$2:E$356,E11) -> 0.136 | G11: 5.25 | H11: =PERCENTRANK(G$2:G$356,G11) -> 0.517 | I11: =sum(G11-G$358)/G$359 -> -0.06661284 | J11: =G11 * (2/(1+EXP(-7*(($D11/100)-0.5)))) -> 5.1287466 | K11: =PERCENTRANK(J$2:J$356,J11) -> 0.484 | L11: =sum(J11-J$358)/J$359 -> -0.11741293 | M11: 66.03 | N11: =PERCENTRANK(M$2:M$356,M11) -> 0.5 | O11: =sum(M11-M$358)/M$359 -> 0.012127432 | P11: =(M11 * LOG(J11 + 1)) / LOG(MAX(J$2:J$356) + 1) * 100 -> 5064.2299 | Q11: =sum(P11-P$358)/P$359 -> 0.025472756 | R11: =PERCENTRANK(Q$2:Q$356,Q11) -> 0.506 | S11: 3.16 | T11: =S11 * (2/(1+EXP(-7*(($D11/100)-0.5)))) -> 3.087017 | U11: =PERCENTRANK(T$2:T$356,T11) -> 0.274 | V11: =sum(S11-S$358)/S$359 -> -0.56684764 | W11: 38.3 | X11: =PERCENTRANK(W$2:W$356,W11) -> 0.011 | Y11: =sum(W11-W$358)/W$359 -> -2.3391779 | Z11: =(W11 * LOG(T11 + 1)) / LOG(MAX(T$2:T$356) + 1) * 100 -> 2606.9336 | AA11: =sum(Z11-Z$358)/Z$359 -> -1.6295104 | AB11: =PERCENTRANK(AA$2:AA$356,AA11) -> 0.048 | AC11: 4.48 | AD11: =PERCENTRANK(AC$2:AC$356,AC11) -> 0.04 | AE11: =sum(AC11-AC$358)/AC$359 -> -1.5444174 | AF11: =sum(Q11,AA11,AE11) -> -3.148455 | AG11: =PERCENTRANK(AF$2:AF$356,AF11) -> 0.045 | AH11: 19.18 | AI11: =PERCENTRANK(AH$2:AH$356,AH11) -> 0.613 | AJ11: =sum(AH11-AH$358)/AH$359 -> 0.1382986 | AK11: 97.37 | AL11: =PERCENTRANK(AK$2:AK$356,AK11) -> 0.91 | AM11: =sum(AK11-AK$358)/AK$359 -> 0.98546086 | AN11: =(AK11 * LOG(AH11 + 1)) / LOG(MAX(AH$2:AH$356) + 1) * 100 -> 8235.5509 | AO11: =sum(AN11-AN$358)/AN$359 -> 0.48917382 | AP11: =PERCENTRANK(AO$2:AO$356,AO11) -> 0.695 | AQ11: 16.52 | AR11: =PERCENTRANK(AQ$2:AQ$356,AQ11) -> 0.322 | AS11: =sum(AQ11-AQ$358)/AQ$359 -> -0.4792701 | AT11: 84.52 | AU11: =PERCENTRANK(AT$2:AT$356,AT11) -> 0.975 | AV11: =sum(AT11-AT$358)/AT$359 -> 1.7167226 | AW11: =(AT11 * LOG(AQ11 + 1)) / LOG(MAX(AQ$2:AQ$356) + 1) * 100 -> 7014.1556 | AX11: =sum(AW11-AW$358)/AW$359 -> 0.94573746 | AY11: =PERCENTRANK(AX$2:AX$356,AX11) -> 0.845 | AZ11: 2.93 | BA11: =PERCENTRANK(AZ$2:AZ$356,AZ11) -> 0.04 | BB11: =sum(AZ11-AZ$358)/AZ$359 -> -1.5823558 | BC11: 45.98 | BD11: =PERCENTRANK(BC$2:BC$356,BC11) -> 0.257 | BE11: =sum(BC11-BC$358)/BC$359 -> -0.64395663 | BF11: =(BC11 * LOG(AZ11 + 1)) / LOG(MAX(AZ$2:AZ$356) + 1) * 100 -> 2398.9632 | BG11: =sum(BF11-BF$358)/BF$359 -> -1.6407381 | BH11: =PERCENTRANK(BG$2:BG$356,BG11) -> 0.048 | BI11: 5.52 | BJ11: =PERCENTRANK(BI$2:BI$356,BI11) -> 0.062 | BK11: =sum(BI11-BI$358)/BI$359 -> -1.418463 | BL11: 70.73 | BM11: =PERCENTRANK(BL$2:BL$356,BL11) -> 0.644 | BN11: =sum(BL11-BL$358)/BL$359 -> 0.35372216 | BO11: =(BL11 * LOG(BI11 + 1)) / LOG(MAX(BI$2:BI$356) + 1) * 100 -> 4829.2222 | BP11: =sum(BO11-BO$358)/BO$359 -> -0.72105224 | BQ11: =PERCENTRANK(BP$2:BP$356,BP11) -> 0.22 | BR11: =sum(AO11,AX11,BG11,BP11) -> -0.92687903 | BS11: =PERCENTRANK(BR$2:BR$356,BR11) -> 0.336
A12: 2025 | B12: J. Rufe | C12: Birmingham Legion | D12: {=INDEX( TP!C:C, MATCH( 1, (TP!A:A = A12) * (TP!B:B = C12), 0 ) )} -> 49.44 | E12: =sum(AF12,BR12) -> 0.8455231 | F12: =PERCENTRANK(E$2:E$356,E12) -> 0.559 | G12: 5.17 | H12: =PERCENTRANK(G$2:G$356,G12) -> 0.483 | I12: =sum(G12-G$358)/G$359 -> -0.12443083 | J12: =G12 * (2/(1+EXP(-7*(($D12/100)-0.5)))) -> 5.068681 | K12: =PERCENTRANK(J$2:J$356,J12) -> 0.47 | L12: =sum(J12-J$358)/J$359 -> -0.15910764 | M12: 72.81 | N12: =PERCENTRANK(M$2:M$356,M12) -> 0.881 | O12: =sum(M12-M$358)/M$359 -> 1.1972478 | P12: =(M12 * LOG(J12 + 1)) / LOG(MAX(J$2:J$356) + 1) * 100 -> 5553.8921 | Q12: =sum(P12-P$358)/P$359 -> 0.64110022 | R12: =PERCENTRANK(Q$2:Q$356,Q12) -> 0.757 | S12: 3.31 | T12: =S12 * (2/(1+EXP(-7*(($D12/100)-0.5)))) -> 3.2451323 | U12: =PERCENTRANK(T$2:T$356,T12) -> 0.325 | V12: =sum(S12-S$358)/S$359 -> -0.43421456 | W12: 50.68 | X12: =PERCENTRANK(W$2:W$356,W12) -> 0.172 | Y12: =sum(W12-W$358)/W$359 -> -0.91821507 | Z12: =(W12 * LOG(T12 + 1)) / LOG(MAX(T$2:T$356) + 1) * 100 -> 3542.6008 | AA12: =sum(Z12-Z$358)/Z$359 -> -0.77346925 | AB12: =PERCENTRANK(AA$2:AA$356,AA12) -> 0.232 | AC12: 5.97 | AD12: =PERCENTRANK(AC$2:AC$356,AC12) -> 0.398 | AE12: =sum(AC12-AC$358)/AC$359 -> -0.35127668 | AF12: =sum(Q12,AA12,AE12) -> -0.48364572 | AG12: =PERCENTRANK(AF$2:AF$356,AF12) -> 0.401 | AH12: 18.02 | AI12: =PERCENTRANK(AH$2:AH$356,AH12) -> 0.511 | AJ12: =sum(AH12-AH$358)/AH$359 -> -0.085681276 | AK12: 92.95 | AL12: =PERCENTRANK(AK$2:AK$356,AK12) -> 0.266 | AM12: =sum(AK12-AK$358)/AK$359 -> -0.32214794 | AN12: =(AK12 * LOG(AH12 + 1)) / LOG(MAX(AH$2:AH$356) + 1) * 100 -> 7706.8095 | AO12: =sum(AN12-AN$358)/AN$359 -> -0.073701697 | AP12: =PERCENTRANK(AO$2:AO$356,AO12) -> 0.438 | AQ12: 18.47 | AR12: =PERCENTRANK(AQ$2:AQ$356,AQ12) -> 0.548 | AS12: =sum(AQ12-AQ$358)/AQ$359 -> 0.099905109 | AT12: 76.66 | AU12: =PERCENTRANK(AT$2:AT$356,AT12) -> 0.641 | AV12: =sum(AT12-AT$358)/AT$359 -> 0.37438525 | AW12: =(AT12 * LOG(AQ12 + 1)) / LOG(MAX(AQ$2:AQ$356) + 1) * 100 -> 6596.3428 | AX12: =sum(AW12-AW$358)/AW$359 -> 0.35610452 | AY12: =PERCENTRANK(AX$2:AX$356,AX12) -> 0.641 | AZ12: 6.35 | BA12: =PERCENTRANK(AZ$2:AZ$356,AZ12) -> 0.61 | BB12: =sum(AZ12-AZ$358)/AZ$359 -> 0.22071716 | BC12: 55 | BD12: =PERCENTRANK(BC$2:BC$356,BC12) -> 0.703 | BE12: =sum(BC12-BC$358)/BC$359 -> 0.58974776 | BF12: =(BC12 * LOG(AZ12 + 1)) / LOG(MAX(AZ$2:AZ$356) + 1) * 100 -> 4182.2108 | BG12: =sum(BF12-BF$358)/BF$359 -> 0.64967696 | BH12: =PERCENTRANK(BG$2:BG$356,BG12) -> 0.726 | BI12: 8.62 | BJ12: =PERCENTRANK(BI$2:BI$356,BI12) -> 0.621 | BK12: =sum(BI12-BI$358)/BI$359 -> 0.31321211 | BL12: 70.53 | BM12: =PERCENTRANK(BL$2:BL$356,BL12) -> 0.63 | BN12: =sum(BL12-BL$358)/BL$359 -> 0.32334983 | BO12: =(BL12 * LOG(BI12 + 1)) / LOG(MAX(BI$2:BI$356) + 1) * 100 -> 5814.6261 | BP12: =sum(BO12-BO$358)/BO$359 -> 0.39708903 | BQ12: =PERCENTRANK(BP$2:BP$356,BP12) -> 0.63 | BR12: =sum(AO12,AX12,BG12,BP12) -> 1.3291688 | BS12: =PERCENTRANK(BR$2:BR$356,BR12) -> 0.669
A13: 2025 | B13: AJ Paterson | C13: Birmingham Legion | D13: {=INDEX( TP!C:C, MATCH( 1, (TP!A:A = A13) * (TP!B:B = C13), 0 ) )} -> 49.44 | E13: =sum(AF13,BR13) -> 0.24993568 | F13: =PERCENTRANK(E$2:E$356,E13) -> 0.503 | G13: 3.48 | H13: =PERCENTRANK(G$2:G$356,G13) -> 0.079 | I13: =sum(G13-G$358)/G$359 -> -1.3458359 | J13: =G13 * (2/(1+EXP(-7*(($D13/100)-0.5)))) -> 3.4118007 | K13: =PERCENTRANK(J$2:J$356,J13) -> 0.085 | L13: =sum(J13-J$358)/J$359 -> -1.309236 | M13: 69.7 | N13: =PERCENTRANK(M$2:M$356,M13) -> 0.763 | O13: =sum(M13-M$358)/M$359 -> 0.65363065 | P13: =(M13 * LOG(J13 + 1)) / LOG(MAX(J$2:J$356) + 1) * 100 -> 4376.4918 | Q13: =sum(P13-P$358)/P$359 -> -0.83918561 | R13: =PERCENTRANK(Q$2:Q$356,Q13) -> 0.181 | S13: 3 | T13: =S13 * (2/(1+EXP(-7*(($D13/100)-0.5)))) -> 2.9412075 | U13: =PERCENTRANK(T$2:T$356,T13) -> 0.249 | V13: =sum(S13-S$358)/S$359 -> -0.70832293 | W13: 64.91 | X13: =PERCENTRANK(W$2:W$356,W13) -> 0.76 | Y13: =sum(W13-W$358)/W$359 -> 0.71508874 | Z13: =(W13 * LOG(T13 + 1)) / LOG(MAX(T$2:T$356) + 1) * 100 -> 4304.1645 | AA13: =sum(Z13-Z$358)/Z$359 -> -0.076715243 | AB13: =PERCENTRANK(AA$2:AA$356,AA13) -> 0.452 | AC13: 5.85 | AD13: =PERCENTRANK(AC$2:AC$356,AC13) -> 0.339 | AE13: =sum(AC13-AC$358)/AC$359 -> -0.44736855 | AF13: =sum(Q13,AA13,AE13) -> -1.3632694 | AG13: =PERCENTRANK(AF$2:AF$356,AF13) -> 0.226 | AH13: 16.43 | AI13: =PERCENTRANK(AH$2:AH$356,AH13) -> 0.37 | AJ13: =sum(AH13-AH$358)/AH$359 -> -0.39268817 | AK13: 95.83 | AL13: =PERCENTRANK(AK$2:AK$356,AK13) -> 0.658 | AM13: =sum(AK13-AK$358)/AK$359 -> 0.52986865 | AN13: =(AK13 * LOG(AH13 + 1)) / LOG(MAX(AH$2:AH$356) + 1) * 100 -> 7710.1094 | AO13: =sum(AN13-AN$358)/AN$359 -> -0.070188781 | AP13: =PERCENTRANK(AO$2:AO$356,AO13) -> 0.441 | AQ13: 22.49 | AR13: =PERCENTRANK(AQ$2:AQ$356,AQ13) -> 0.921 | AS13: =sum(AQ13-AQ$358)/AQ$359 -> 1.2938971 | AT13: 76.58 | AU13: =PERCENTRANK(AT$2:AT$356,AT13) -> 0.636 | AV13: =sum(AT13-AT$358)/AT$359 -> 0.36072278 | AW13: =(AT13 * LOG(AQ13 + 1)) / LOG(MAX(AQ$2:AQ$356) + 1) * 100 -> 7006.0618 | AX13: =sum(AW13-AW$358)/AW$359 -> 0.93431524 | AY13: =PERCENTRANK(AX$2:AX$356,AX13) -> 0.833 | AZ13: 7.74 | BA13: =PERCENTRANK(AZ$2:AZ$356,AZ13) -> 0.831 | BB13: =sum(AZ13-AZ$358)/AZ$359 -> 0.95354506 | BC13: 47.62 | BD13: =PERCENTRANK(BC$2:BC$356,BC13) -> 0.339 | BE13: =sum(BC13-BC$358)/BC$359 -> -0.41964674 | BF13: =(BC13 * LOG(AZ13 + 1)) / LOG(MAX(AZ$2:AZ$356) + 1) * 100 -> 3935.4668 | BG13: =sum(BF13-BF$358)/BF$359 -> 0.33275731 | BH13: =PERCENTRANK(BG$2:BG$356,BG13) -> 0.616 | BI13: 9.27 | BJ13: =PERCENTRANK(BI$2:BI$356,BI13) -> 0.74 | BK13: =sum(BI13-BI$358)/BI$359 -> 0.67630527 | BL13: 68.75 | BM13: =PERCENTRANK(BL$2:BL$356,BL13) -> 0.503 | BN13: =sum(BL13-BL$358)/BL$359 -> 0.05303608 | BO13: =(BL13 * LOG(BI13 + 1)) / LOG(MAX(BI$2:BI$356) + 1) * 100 -> 5831.5752 | BP13: =sum(BO13-BO$358)/BO$359 -> 0.4163213 | BQ13: =PERCENTRANK(BP$2:BP$356,BP13) -> 0.638 | BR13: =sum(AO13,AX13,BG13,BP13) -> 1.6132051 | BS13: =PERCENTRANK(BR$2:BR$356,BR13) -> 0.692
... A32: 2022 | B32: D. Erdmann | C32: Colorado Springs | D32: {=INDEX( TP!C:C, MATCH( 1, (TP!A:A = A32) * (TP!B:B = C32), 0 ) )} -> 52.16 | E32: =sum(AF32,BR32) -> -0.37857631 | F32: =PERCENTRANK(E$2:E$356,E32) -> 0.438 | G32: 7.28 | H32: =PERCENTRANK(G$2:G$356,G32) -> 0.912 | I32: =sum(G32-G$358)/G$359 -> 1.4005187 | J32: =G32 * (2/(1+EXP(-7*(($D32/100)-0.5)))) -> 7.8293219 | K32: =PERCENTRANK(J$2:J$356,J32) -> 0.938 | L32: =sum(J32-J$358)/J$359 -> 1.7571995 | M32: 65.22 | N32: =PERCENTRANK(M$2:M$356,M32) -> 0.432 | O32: =sum(M32-M$358)/M$359 -> -0.12945775 | P32: =(M32 * LOG(J32 + 1)) / LOG(MAX(J$2:J$356) + 1) * 100 -> 6009.3973 | Q32: =sum(P32-P$358)/P$359 -> 1.2137839 | R32: =PERCENTRANK(Q$2:Q$356,Q32) -> 0.887 | S32: 2.91 | T32: =S32 * (2/(1+EXP(-7*(($D32/100)-0.5)))) -> 3.1295778 | U32: =PERCENTRANK(T$2:T$356,T32) -> 0.288 | V32: =sum(S32-S$358)/S$359 -> -0.78790278 | W32: 47.83 | X32: =PERCENTRANK(W$2:W$356,W32) -> 0.099 | Y32: =sum(W32-W$358)/W$359 -> -1.245335 | Z32: =(W32 * LOG(T32 + 1)) / LOG(MAX(T$2:T$356) + 1) * 100 -> 3279.5614 | AA32: =sum(Z32-Z$358)/Z$359 -> -1.0141238 | AB32: =PERCENTRANK(AA$2:AA$356,AA32) -> 0.172 | AC32: 6.17 | AD32: =PERCENTRANK(AC$2:AC$356,AC32) -> 0.458 | AE32: =sum(AC32-AC$358)/AC$359 -> -0.19112357 | AF32: =sum(Q32,AA32,AE32) -> 0.0085365097 | AG32: =PERCENTRANK(AF$2:AF$356,AF32) -> 0.5 | AH32: 16.71 | AI32: =PERCENTRANK(AH$2:AH$356,AH32) -> 0.398 | AJ32: =sum(AH32-AH$358)/AH$359 -> -0.33862406 | AK32: 93.56 | AL32: =PERCENTRANK(AK$2:AK$356,AK32) -> 0.316 | AM32: =sum(AK32-AK$358)/AK$359 -> -0.14168609 | AN32: =(AK32 * LOG(AH32 + 1)) / LOG(MAX(AH$2:AH$356) + 1) * 100 -> 7569.4454 | AO32: =sum(AN32-AN$358)/AN$359 -> -0.21993368 | AP32: =PERCENTRANK(AO$2:AO$356,AO32) -> 0.379 | AQ32: 15.89 | AR32: =PERCENTRANK(AQ$2:AQ$356,AQ32) -> 0.251 | AS32: =sum(AQ32-AQ$358)/AQ$359 -> -0.66638824 | AT32: 68.92 | AU32: =PERCENTRANK(AT$2:AT$356,AT32) -> 0.147 | AV32: =sum(AT32-AT$358)/AT$359 -> -0.94745836 | AW32: =(AT32 * LOG(AQ32 + 1)) / LOG(MAX(AQ$2:AQ$356) + 1) * 100 -> 5646.3896 | AX32: =sum(AW32-AW$358)/AW$359 -> -0.98450487 | AY32: =PERCENTRANK(AX$2:AX$356,AX32) -> 0.138 | AZ32: 7.41 | BA32: =PERCENTRANK(AZ$2:AZ$356,AZ32) -> 0.78 | BB32: =sum(AZ32-AZ$358)/AZ$359 -> 0.77956433 | BC32: 52.14 | BD32: =PERCENTRANK(BC$2:BC$356,BC32) -> 0.571 | BE32: =sum(BC32-BC$358)/BC$359 -> 0.1985732 | BF32: =(BC32 * LOG(AZ32 + 1)) / LOG(MAX(AZ$2:AZ$356) + 1) * 100 -> 4232.5123 | BG32: =sum(BF32-BF$358)/BF$359 -> 0.71428456 | BH32: =PERCENTRANK(BG$2:BG$356,BG32) -> 0.737 | BI32: 8.04 | BJ32: =PERCENTRANK(BI$2:BI$356,BI32) -> 0.523 | BK32: =sum(BI32-BI$358)/BI$359 -> -0.010778714 | BL32: 69.29 | BM32: =PERCENTRANK(BL$2:BL$356,BL32) -> 0.548 | BN32: =sum(BL32-BL$358)/BL$359 -> 0.13504137 | BO32: =(BL32 * LOG(BI32 + 1)) / LOG(MAX(BI$2:BI$356) + 1) * 100 -> 5555.4854 | BP32: =sum(BO32-BO$358)/BO$359 -> 0.10304118 | BQ32: =PERCENTRANK(BP$2:BP$356,BP32) -> 0.545 | BR32: =sum(AO32,AX32,BG32,BP32) -> -0.38711282 | BS32: =PERCENTRANK(BR$2:BR$356,BR32) -> 0.424
A33: 2022 | B33: M. Mahoney | C33: Colorado Springs | D33: {=INDEX( TP!C:C, MATCH( 1, (TP!A:A = A33) * (TP!B:B = C33), 0 ) )} -> 52.16 | E33: =sum(AF33,BR33) -> -2.3471382 | F33: =PERCENTRANK(E$2:E$356,E33) -> 0.257 | G33: 6 | H33: =PERCENTRANK(G$2:G$356,G33) -> 0.715 | I33: =sum(G33-G$358)/G$359 -> 0.47543083 | K33: =PERCENTRANK(J$2:J$356,J33) -> #N/A | L33: =sum(J33-J$358)/J$359 -> -3.6775477 | M33: 61.84 | N33: =PERCENTRANK(M$2:M$356,M33) -> 0.232 | O33: =sum(M33-M$358)/M$359 -> -0.72026998 | P33: =(M33 * LOG(J33 + 1)) / LOG(MAX(J$2:J$356) + 1) * 100 -> 0 | Q33: =sum(P33-P$358)/P$359 -> -6.3415276 | R33: =PERCENTRANK(Q$2:Q$356,Q33) -> 0 | S33: 5.76 | T33: =S33 * (2/(1+EXP(-7*(($D33/100)-0.5)))) -> 6.1946283 | U33: =PERCENTRANK(T$2:T$356,T33) -> 0.969 | V33: =sum(S33-S$358)/S$359 -> 1.7321258 | W33: 53.88 | X33: =PERCENTRANK(W$2:W$356,W33) -> 0.297 | Y33: =sum(W33-W$358)/W$359 -> -0.55092258 | Z33: =(W33 * LOG(T33 + 1)) / LOG(MAX(T$2:T$356) + 1) * 100 -> 5140.6003 | AA33: =sum(Z33-Z$358)/Z$359 -> 0.68853927 | AB33: =PERCENTRANK(AA$2:AA$356,AA33) -> 0.737 | AC33: 9.57 | AD33: =PERCENTRANK(AC$2:AC$356,AC33) -> 0.994 | AE33: =sum(AC33-AC$358)/AC$359 -> 2.5314794 | AF33: =sum(Q33,AA33,AE33) -> -3.121509 | AG33: =PERCENTRANK(AF$2:AF$356,AF33) -> 0.051 | AH33: 20.45 | AI33: =PERCENTRANK(AH$2:AH$356,AH33) -> 0.686 | AJ33: =sum(AH33-AH$358)/AH$359 -> 0.38351794 | AK33: 96.01 | AL33: =PERCENTRANK(AK$2:AK$356,AK33) -> 0.712 | AM33: =sum(AK33-AK$358)/AK$359 -> 0.58311969 | AN33: =(AK33 * LOG(AH33 + 1)) / LOG(MAX(AH$2:AH$356) + 1) * 100 -> 8285.4698 | AO33: =sum(AN33-AN$358)/AN$359 -> 0.54231534 | AP33: =PERCENTRANK(AO$2:AO$356,AO33) -> 0.72 | AQ33: 21.79 | AR33: =PERCENTRANK(AQ$2:AQ$356,AQ33) -> 0.87 | AS33: =sum(AQ33-AQ$358)/AQ$359 -> 1.085988 | AT33: 75.85 | AU33: =PERCENTRANK(AT$2:AT$356,AT33) -> 0.568 | AV33: =sum(AT33-AT$358)/AT$359 -> 0.23605278 | AW33: =(AT33 * LOG(AQ33 + 1)) / LOG(MAX(AQ$2:AQ$356) + 1) * 100 -> 6872.7696 | AX33: =sum(AW33-AW$358)/AW$359 -> 0.74620836 | AY33: =PERCENTRANK(AX$2:AX$356,AX33) -> 0.782 | AZ33: 4.84 | BA33: =PERCENTRANK(AZ$2:AZ$356,AZ33) -> 0.297 | BB33: =sum(AZ33-AZ$358)/AZ$359 -> -0.57537646 | BC33: 43.48 | BD33: =PERCENTRANK(BC$2:BC$356,BC33) -> 0.144 | BE33: =sum(BC33-BC$358)/BC$359 -> -0.98589243 | BF33: =(BC33 * LOG(AZ33 + 1)) / LOG(MAX(AZ$2:AZ$356) + 1) * 100 -> 2925.0519 | BG33: =sum(BF33-BF$358)/BF$359 -> -0.96502629 | BH33: =PERCENTRANK(BG$2:BG$356,BG33) -> 0.169 | BI33: 9.55 | BJ33: =PERCENTRANK(BI$2:BI$356,BI33) -> 0.777 | BK33: =sum(BI33-BI$358)/BI$359 -> 0.83271464 | BL33: 68.32 | BM33: =PERCENTRANK(BL$2:BL$356,BL33) -> 0.463 | BN33: =sum(BL33-BL$358)/BL$359 -> -0.012264433 | BO33: =(BL33 * LOG(BI33 + 1)) / LOG(MAX(BI$2:BI$356) + 1) * 100 -> 5862.0255 | BP33: =sum(BO33-BO$358)/BO$359 -> 0.45087334 | BQ33: =PERCENTRANK(BP$2:BP$356,BP33) -> 0.653 | BR33: =sum(AO33,AX33,BG33,BP33) -> 0.77437074 | BS33: =PERCENTRANK(BR$2:BR$356,BR33) -> 0.59
A34: 2022 | B34: M. Edwards | C34: Colorado Springs | D34: {=INDEX( TP!C:C, MATCH( 1, (TP!A:A = A34) * (TP!B:B = C34), 0 ) )} -> 52.16 | E34: =sum(AF34,BR34) -> -4.9782682 | F34: =PERCENTRANK(E$2:E$356,E34) -> 0.099 | G34: 4.33 | H34: =PERCENTRANK(G$2:G$356,G34) -> 0.237 | I34: =sum(G34-G$358)/G$359 -> -0.73151974 | J34: =G34 * (2/(1+EXP(-7*(($D34/100)-0.5)))) -> 4.6567258 | K34: =PERCENTRANK(J$2:J$356,J34) -> 0.36 | L34: =sum(J34-J$358)/J$359 -> -0.44506756 | M34: 60.47 | N34: =PERCENTRANK(M$2:M$356,M34) -> 0.164 | O34: =sum(M34-M$358)/M$359 -> -0.95974121 | P34: =(M34 * LOG(J34 + 1)) / LOG(MAX(J$2:J$356) + 1) * 100 -> 4432.7822 | Q34: =sum(P34-P$358)/P$359 -> -0.76841453 | R34: =PERCENTRANK(Q$2:Q$356,Q34) -> 0.218 | S34: 2.62 | T34: =S34 * (2/(1+EXP(-7*(($D34/100)-0.5)))) -> 2.8176955 | U34: =PERCENTRANK(T$2:T$356,T34) -> 0.22 | V34: =sum(S34-S$358)/S$359 -> -1.0443267 | W34: 34.62 | X34: =PERCENTRANK(W$2:W$356,W34) -> 0.008 | Y34: =sum(W34-W$358)/W$359 -> -2.7615643 | Z34: =(W34 * LOG(T34 + 1)) / LOG(MAX(T$2:T$356) + 1) * 100 -> 2242.3476 | AA34: =sum(Z34-Z$358)/Z$359 -> -1.9630699 | AB34: =PERCENTRANK(AA$2:AA$356,AA34) -> 0.023 | AC34: 6.36 | AD34: =PERCENTRANK(AC$2:AC$356,AC34) -> 0.514 | AE34: =sum(AC34-AC$358)/AC$359 -> -0.03897811 | AF34: =sum(Q34,AA34,AE34) -> -2.7704626 | AG34: =PERCENTRANK(AF$2:AF$356,AF34) -> 0.079 | AH34: 15.92 | AI34: =PERCENTRANK(AH$2:AH$356,AH34) -> 0.325 | AJ34: =sum(AH34-AH$358)/AH$359 -> -0.49116208 | AK34: 89.24 | AL34: =PERCENTRANK(AK$2:AK$356,AK34) -> 0.082 | AM34: =sum(AK34-AK$358)/AK$359 -> -1.419711 | AN34: =(AK34 * LOG(AH34 + 1)) / LOG(MAX(AH$2:AH$356) + 1) * 100 -> 7105.3047 | AO34: =sum(AN34-AN$358)/AN$359 -> -0.71403807 | AP34: =PERCENTRANK(AO$2:AO$356,AO34) -> 0.175 | AQ34: 14.31 | AR34: =PERCENTRANK(AQ$2:AQ$356,AQ34) -> 0.133 | AS34: =sum(AQ34-AQ$358)/AQ$359 -> -1.1356687 | AT34: 73.24 | AU34: =PERCENTRANK(AT$2:AT$356,AT34) -> 0.376 | AV34: =sum(AT34-AT$358)/AT$359 -> -0.20968518 | AW34: =(AT34 * LOG(AQ34 + 1)) / LOG(MAX(AQ$2:AQ$356) + 1) * 100 -> 5791.8299 | AX34: =sum(AW34-AW$358)/AW$359 -> -0.77925413 | AY34: =PERCENTRANK(AX$2:AX$356,AX34) -> 0.192 | AZ34: 3.63 | BA34: =PERCENTRANK(AZ$2:AZ$356,AZ34) -> 0.088 | BB34: =sum(AZ34-AZ$358)/AZ$359 -> -1.2133058 | BC34: 47.22 | BD34: =PERCENTRANK(BC$2:BC$356,BC34) -> 0.311 | BE34: =sum(BC34-BC$358)/BC$359 -> -0.47435647 | BF34: =(BC34 * LOG(AZ34 + 1)) / LOG(MAX(AZ$2:AZ$356) + 1) * 100 -> 2758.7234 | BG34: =sum(BF34-BF$358)/BF$359 -> -1.1786597 | BH34: =PERCENTRANK(BG$2:BG$356,BG34) -> 0.124 | BI34: 7.26 | BJ34: =PERCENTRANK(BI$2:BI$356,BI34) -> 0.35 | BK34: =sum(BI34-BI$358)/BI$359 -> -0.44649051 | BL34: 76.39 | BM34: =PERCENTRANK(BL$2:BL$356,BL34) -> 0.89 | BN34: =sum(BL34-BL$358)/BL$359 -> 1.2132591 | BO34: =(BL34 * LOG(BI34 + 1)) / LOG(MAX(BI$2:BI$356) + 1) * 100 -> 5873.7227 | BP34: =sum(BO34-BO$358)/BO$359 -> 0.46414627 | BQ34: =PERCENTRANK(BP$2:BP$356,BP34) -> 0.661 | BR34: =sum(AO34,AX34,BG34,BP34) -> -2.2078057 | BS34: =PERCENTRANK(BR$2:BR$356,BR34) -> 0.215
A35: 2023 | B35: M. Mahoney | C35: Colorado Springs | D35: {=INDEX( TP!C:C, MATCH( 1, (TP!A:A = A35) * (TP!B:B = C35), 0 ) )} -> 51.35 | E35: =sum(AF35,BR35) -> 2.9241909 | F35: =PERCENTRANK(E$2:E$356,E35) -> 0.777 | G35: 3.95 | H35: =PERCENTRANK(G$2:G$356,G35) -> 0.141 | I35: =sum(G35-G$358)/G$359 -> -1.0061552 | J35: =G35 * (2/(1+EXP(-7*(($D35/100)-0.5)))) -> 4.1364987 | K35: =PERCENTRANK(J$2:J$356,J35) -> 0.212 | L35: =sum(J35-J$358)/J$359 -> -0.80618473 | M35: 62.12 | N35: =PERCENTRANK(M$2:M$356,M35) -> 0.243 | O35: =sum(M35-M$358)/M$359 -> -0.67132695 | P35: =(M35 * LOG(J35 + 1)) / LOG(MAX(J$2:J$356) + 1) * 100 -> 4300.2138 | Q35: =sum(P35-P$358)/P$359 -> -0.93508613 | R35: =PERCENTRANK(Q$2:Q$356,Q35) -> 0.144 | S35: 4.54 | T35: =S35 * (2/(1+EXP(-7*(($D35/100)-0.5)))) -> 4.7543555 | U35: =PERCENTRANK(T$2:T$356,T35) -> 0.822 | V35: =sum(S35-S$358)/S$359 -> 0.65337672 | W35: 51.32 | X35: =PERCENTRANK(W$2:W$356,W35) -> 0.206 | Y35: =sum(W35-W$358)/W$359 -> -0.84475657 | Z35: =(W35 * LOG(T35 + 1)) / LOG(MAX(T$2:T$356) + 1) * 100 -> 4342.0972 | AA35: =sum(Z35-Z$358)/Z$359 -> -0.042010618 | AB35: =PERCENTRANK(AA$2:AA$356,AA35) -> 0.483 | AC35: 7.68 | AD35: =PERCENTRANK(AC$2:AC$356,AC35) -> 0.853 | AE35: =sum(AC35-AC$358)/AC$359 -> 1.0180324 | AF35: =sum(Q35,AA35,AE35) -> 0.040935691 | AG35: =PERCENTRANK(AF$2:AF$356,AF35) -> 0.511 | AH35: 22.63 | AI35: =PERCENTRANK(AH$2:AH$356,AH35) -> 0.802 | AJ35: =sum(AH35-AH$358)/AH$359 -> 0.80444564 | AK35: 96.57 | AL35: =PERCENTRANK(AK$2:AK$356,AK35) -> 0.799 | AM35: =sum(AK35-AK$358)/AK$359 -> 0.74878958 | AN35: =(AK35 * LOG(AH35 + 1)) / LOG(MAX(AH$2:AH$356) + 1) * 100 -> 8596.9151 | AO35: =sum(AN35-AN$358)/AN$359 -> 0.87386669 | AP35: =PERCENTRANK(AO$2:AO$356,AO35) -> 0.833 | AQ35: 22.72 | AR35: =PERCENTRANK(AQ$2:AQ$356,AQ35) -> 0.932 | AS35: =sum(AQ35-AQ$358)/AQ$359 -> 1.36221 | AT35: 79.47 | AU35: =PERCENTRANK(AT$2:AT$356,AT35) -> 0.802 | AV35: =sum(AT35-AT$358)/AT$359 -> 0.85427938 | AW35: =(AT35 * LOG(AQ35 + 1)) / LOG(MAX(AQ$2:AQ$356) + 1) * 100 -> 7292.9014 | AX35: =sum(AW35-AW$358)/AW$359 -> 1.3391139 | AY35: =PERCENTRANK(AX$2:AX$356,AX35) -> 0.907 | AZ35: 5.17 | BA35: =PERCENTRANK(AZ$2:AZ$356,AZ35) -> 0.387 | BB35: =sum(AZ35-AZ$358)/AZ$359 -> -0.40139573 | BC35: 50.29 | BD35: =PERCENTRANK(BC$2:BC$356,BC35) -> 0.466 | BE35: =sum(BC35-BC$358)/BC$359 -> -0.054459297 | BF35: =(BC35 * LOG(AZ35 + 1)) / LOG(MAX(AZ$2:AZ$356) + 1) * 100 -> 3488.5642 | BG35: =sum(BF35-BF$358)/BF$359 -> -0.24124726 | BH35: =PERCENTRANK(BG$2:BG$356,BG35) -> 0.401 | BI35: 9 | BJ35: =PERCENTRANK(BI$2:BI$356,BI35) -> 0.695 | BK35: =sum(BI35-BI$358)/BI$359 -> 0.52548196 | BL35: 74.75 | BM35: =PERCENTRANK(BL$2:BL$356,BL35) -> 0.839 | BN35: =sum(BL35-BL$358)/BL$359 -> 0.96420602 | BO35: =(BL35 * LOG(BI35 + 1)) / LOG(MAX(BI$2:BI$356) + 1) * 100 -> 6267.9893 | BP35: =sum(BO35-BO$358)/BO$359 -> 0.9115219 | BQ35: =PERCENTRANK(BP$2:BP$356,BP35) -> 0.825 | BR35: =sum(AO35,AX35,BG35,BP35) -> 2.8832553 | BS35: =PERCENTRANK(BR$2:BR$356,BR35) -> 0.831
A36: 2023 | B36: O. Ågren | C36: Colorado Springs | D36: {=INDEX( TP!C:C, MATCH( 1, (TP!A:A = A36) * (TP!B:B = C36), 0 ) )} -> 51.35 | E36: =sum(AF36,BR36) -> 2.088246 | F36: =PERCENTRANK(E$2:E$356,E36) -> 0.698 | G36: 4.94 | H36: =PERCENTRANK(G$2:G$356,G36) -> 0.415 | I36: =sum(G36-G$358)/G$359 -> -0.29065756 | J36: =G36 * (2/(1+EXP(-7*(($D36/100)-0.5)))) -> 5.1732414 | K36: =PERCENTRANK(J$2:J$356,J36) -> 0.504 | L36: =sum(J36-J$358)/J$359 -> -0.086526669 | M36: 67.59 | N36: =PERCENTRANK(M$2:M$356,M36) -> 0.636 | O36: =sum(M36-M$358)/M$359 -> 0.28481 | P36: =(M36 * LOG(J36 + 1)) / LOG(MAX(J$2:J$356) + 1) * 100 -> 5204.5591 | Q36: =sum(P36-P$358)/P$359 -> 0.20190154 | R36: =PERCENTRANK(Q$2:Q$356,Q36) -> 0.582 | S36: 2.74 | T36: =S36 * (2/(1+EXP(-7*(($D36/100)-0.5)))) -> 2.8693687 | U36: =PERCENTRANK(T$2:T$356,T36) -> 0.234 | V36: =sum(S36-S$358)/S$359 -> -0.93822028 | W36: 53.33 | X36: =PERCENTRANK(W$2:W$356,W36) -> 0.28 | Y36: =sum(W36-W$358)/W$359 -> -0.61405098 | Z36: =(W36 * LOG(T36 + 1)) / LOG(MAX(T$2:T$356) + 1) * 100 -> 3488.8654 | AA36: =sum(Z36-Z$358)/Z$359 -> -0.82263173 | AB36: =PERCENTRANK(AA$2:AA$356,AA36) -> 0.215 | AC36: 5.75 | AD36: =PERCENTRANK(AC$2:AC$356,AC36) -> 0.297 | AE36: =sum(AC36-AC$358)/AC$359 -> -0.52744511 | AF36: =sum(Q36,AA36,AE36) -> -1.1481753 | AG36: =PERCENTRANK(AF$2:AF$356,AF36) -> 0.274 | AH36: 24.96 | AI36: =PERCENTRANK(AH$2:AH$356,AH36) -> 0.893 | AJ36: =sum(AH36-AH$358)/AH$359 -> 1.2543362 | AK36: 96.89 | AL36: =PERCENTRANK(AK$2:AK$356,AK36) -> 0.85 | AM36: =sum(AK36-AK$358)/AK$359 -> 0.84345809 | AN36: =(AK36 * LOG(AH36 + 1)) / LOG(MAX(AH$2:AH$356) + 1) * 100 -> 8881.8851 | AO36: =sum(AN36-AN$358)/AN$359 -> 1.1772336 | AP36: =PERCENTRANK(AO$2:AO$356,AO36) -> 0.895 | AQ36: 18.42 | AR36: =PERCENTRANK(AQ$2:AQ$356,AQ36) -> 0.54 | AS36: =sum(AQ36-AQ$358)/AQ$359 -> 0.085054462 | AT36: 83.37 | AU36: =PERCENTRANK(AT$2:AT$356,AT36) -> 0.958 | AV36: =sum(AT36-AT$358)/AT$359 -> 1.5203246 | AW36: =(AT36 * LOG(AQ36 + 1)) / LOG(MAX(AQ$2:AQ$356) + 1) * 100 -> 7167.5032 | AX36: =sum(AW36-AW$358)/AW$359 -> 1.1621474 | AY36: =PERCENTRANK(AX$2:AX$356,AX36) -> 0.879 | AZ36: 4.62 | BA36: =PERCENTRANK(AZ$2:AZ$356,AZ36) -> 0.26 | BB36: =sum(AZ36-AZ$358)/AZ$359 -> -0.69136361 | BC36: 60.4 | BD36: =PERCENTRANK(BC$2:BC$356,BC36) -> 0.924 | BE36: =sum(BC36-BC$358)/BC$359 -> 1.3283291 | BF36: =(BC36 * LOG(AZ36 + 1)) / LOG(MAX(AZ$2:AZ$356) + 1) * 100 -> 3974.9049 | BG36: =sum(BF36-BF$358)/BF$359 -> 0.38341196 | BH36: =PERCENTRANK(BG$2:BG$356,BG36) -> 0.644 | BI36: 7.95 | BJ36: =PERCENTRANK(BI$2:BI$356,BI36) -> 0.506 | BK36: =sum(BI36-BI$358)/BI$359 -> -0.061053152 | BL36: 74.14 | BM36: =PERCENTRANK(BL$2:BL$356,BL36) -> 0.819 | BN36: =sum(BL36-BL$358)/BL$359 -> 0.87157041 | BO36: =(BL36 * LOG(BI36 + 1)) / LOG(MAX(BI$2:BI$356) + 1) * 100 -> 5917.3307 | BP36: =sum(BO36-BO$358)/BO$359 -> 0.51362835 | BQ36: =PERCENTRANK(BP$2:BP$356,BP36) -> 0.681 | BR36: =sum(AO36,AX36,BG36,BP36) -> 3.2364213 | BS36: =PERCENTRANK(BR$2:BR$356,BR36) -> 0.864
A37: 2023 | B37: J. Musa | C37: Colorado Springs | D37: {=INDEX( TP!C:C, MATCH( 1, (TP!A:A = A37) * (TP!B:B = C37), 0 ) )} -> 51.35 | E37: =sum(AF37+BR37) -> 1.1869166 | F37: =PERCENTRANK(E$2:E$356,E37) -> 0.582 | G37: 5.86 | H37: =PERCENTRANK(G$2:G$356,G37) -> 0.681 | I37: =sum(G37-G$358)/G$359 -> 0.37424934 | J37: =G37 * (2/(1+EXP(-7*(($D37/100)-0.5)))) -> 6.1366791 | K37: =PERCENTRANK(J$2:J$356,J37) -> 0.748 | L37: =sum(J37-J$358)/J$359 -> 0.58224648 | M37: 59.38 | N37: =PERCENTRANK(M$2:M$356,M37) -> 0.107 | O37: =sum(M37-M$358)/M$359 -> -1.1502694 | P37: =(M37 * LOG(J37 + 1)) / LOG(MAX(J$2:J$356) + 1) * 100 -> 4936.6701 | Q37: =sum(P37-P$358)/P$359 -> -0.13490174 | R37: =PERCENTRANK(Q$2:Q$356,Q37) -> 0.444 | S37: 3.97 | T37: =S37 * (2/(1+EXP(-7*(($D37/100)-0.5)))) -> 4.157443 | U37: =PERCENTRANK(T$2:T$356,T37) -> 0.658 | V37: =sum(S37-S$358)/S$359 -> 0.149371 | W37: 63.08 | X37: =PERCENTRANK(W$2:W$356,W37) -> 0.675 | Y37: =sum(W37-W$358)/W$359 -> 0.50504335 | Z37: =(W37 * LOG(T37 + 1)) / LOG(MAX(T$2:T$356) + 1) * 100 -> 5003.0839 | AA37: =sum(Z37-Z$358)/Z$359 -> 0.56272557 | AB37: =PERCENTRANK(AA$2:AA$356,AA37) -> 0.706 | AC37: 7.04 | AD37: =PERCENTRANK(AC$2:AC$356,AC37) -> 0.712 | AE37: =sum(AC37-AC$358)/AC$359 -> 0.50554248 | AF37: =sum(Q37,AA37,AE37) -> 0.93336631 | AG37: =PERCENTRANK(AF$2:AF$356,AF37) -> 0.681 | AH37: 18.99 | AI37: =PERCENTRANK(AH$2:AH$356,AH37) -> 0.599 | AJ37: =sum(AH37-AH$358)/AH$359 -> 0.10161224 | AK37: 94.53 | AL37: =PERCENTRANK(AK$2:AK$356,AK37) -> 0.458 | AM37: =sum(AK37-AK$358)/AK$359 -> 0.14527783 | AN37: =(AK37 * LOG(AH37 + 1)) / LOG(MAX(AH$2:AH$356) + 1) * 100 -> 7970.1716 | AO37: =sum(AN37-AN$358)/AN$359 -> 0.20666228 | AP37: =PERCENTRANK(AO$2:AO$356,AO37) -> 0.571 | AQ37: 19.6 | AR37: =PERCENTRANK(AQ$2:AQ$356,AQ37) -> 0.678 | AS37: =sum(AQ37-AQ$358)/AQ$359 -> 0.43552972 | AT37: 69.78 | AU37: =PERCENTRANK(AT$2:AT$356,AT37) -> 0.181 | AV37: =sum(AT37-AT$358)/AT$359 -> -0.80058685 | AW37: =(AT37 * LOG(AQ37 + 1)) / LOG(MAX(AQ$2:AQ$356) + 1) * 100 -> 6118.4392 | AX37: =sum(AW37-AW$358)/AW$359 -> -0.31833091 | AY37: =PERCENTRANK(AX$2:AX$356,AX37) -> 0.342 | AZ37: 6.84 | BA37: =PERCENTRANK(AZ$2:AZ$356,AZ37) -> 0.723 | BB37: =sum(AZ37-AZ$358)/AZ$359 -> 0.47905217 | BC37: 45.54 | BD37: =PERCENTRANK(BC$2:BC$356,BC37) -> 0.234 | BE37: =sum(BC37-BC$358)/BC$359 -> -0.70413733 | BF37: =(BC37 * LOG(AZ37 + 1)) / LOG(MAX(AZ$2:AZ$356) + 1) * 100 -> 3574.9117 | BG37: =sum(BF37-BF$358)/BF$359 -> -0.13034202 | BH37: =PERCENTRANK(BG$2:BG$356,BG37) -> 0.432 | BI37: 9.46 | BJ37: =PERCENTRANK(BI$2:BI$356,BI37) -> 0.771 | BK37: =sum(BI37-BI$358)/BI$359 -> 0.7824402 | BL37: 69.03 | BM37: =PERCENTRANK(BL$2:BL$356,BL37) -> 0.525 | BN37: =sum(BL37-BL$358)/BL$359 -> 0.095557344 | BO37: =(BL37 * LOG(BI37 + 1)) / LOG(MAX(BI$2:BI$356) + 1) * 100 -> 5901.4081 | BP37: =sum(BO37-BO$358)/BO$359 -> 0.49556092 | BQ37: =PERCENTRANK(BP$2:BP$356,BP37) -> 0.669 | BR37: =sum(AO37,AX37,BG37,BP37) -> 0.25355027 | BS37: =PERCENTRANK(BR$2:BR$356,BR37) -> 0.517
A38: 2023 | B38: D. Lacroix | C38: Colorado Springs | D38: {=INDEX( TP!C:C, MATCH( 1, (TP!A:A = A38) * (TP!B:B = C38), 0 ) )} -> 51.35 | E38: =sum(AF38,BR38) -> -5.7150481 | F38: =PERCENTRANK(E$2:E$356,E38) -> 0.065 | G38: 6.8 | H38: =PERCENTRANK(G$2:G$356,G38) -> 0.85 | I38: =sum(G38-G$358)/G$359 -> 1.0536107 | J38: =G38 * (2/(1+EXP(-7*(($D38/100)-0.5)))) -> 7.1210611 | K38: =PERCENTRANK(J$2:J$356,J38) -> 0.887 | L38: =sum(J38-J$358)/J$359 -> 1.2655582 | M38: 61.78 | N38: =PERCENTRANK(M$2:M$356,M38) -> 0.229 | O38: =sum(M38-M$358)/M$359 -> -0.73075777 | P38: =(M38 * LOG(J38 + 1)) / LOG(MAX(J$2:J$356) + 1) * 100 -> 5473.8992 | Q38: =sum(P38-P$358)/P$359 -> 0.5405292 | R38: =PERCENTRANK(Q$2:Q$356,Q38) -> 0.732 | S38: 2.34 | T38: =S38 * (2/(1+EXP(-7*(($D38/100)-0.5)))) -> 2.4504828 | U38: =PERCENTRANK(T$2:T$356,T38) -> 0.13 | V38: =sum(S38-S$358)/S$359 -> -1.2919085 | W38: 46.3 | X38: =PERCENTRANK(W$2:W$356,W38) -> 0.076 | Y38: =sum(W38-W$358)/W$359 -> -1.4209467 | Z38: =(W38 * LOG(T38 + 1)) / LOG(MAX(T$2:T$356) + 1) * 100 -> 2772.4739 | AA38: =sum(Z38-Z$358)/Z$359 -> -1.4780577 | AB38: =PERCENTRANK(AA$2:AA$356,AA38) -> 0.073 | AC38: 5.66 | AD38: =PERCENTRANK(AC$2:AC$356,AC38) -> 0.274 | AE38: =sum(AC38-AC$358)/AC$359 -> -0.59951401 | AF38: =sum(Q38,AA38,AE38) -> -1.5370425 | AG38: =PERCENTRANK(AF$2:AF$356,AF38) -> 0.209 | AH38: 13.09 | AI38: =PERCENTRANK(AH$2:AH$356,AH38) -> 0.116 | AJ38: =sum(AH38-AH$358)/AH$359 -> -1.0375957 | AK38: 92.05 | AL38: =PERCENTRANK(AK$2:AK$356,AK38) -> 0.186 | AM38: =sum(AK38-AK$358)/AK$359 -> -0.58840312 | AN38: =(AK38 * LOG(AH38 + 1)) / LOG(MAX(AH$2:AH$356) + 1) * 100 -> 6854.7779 | AO38: =sum(AN38-AN$358)/AN$359 -> -0.98073821 | AP38: =PERCENTRANK(AO$2:AO$356,AO38) -> 0.119 | AQ38: 15.47 | AR38: =PERCENTRANK(AQ$2:AQ$356,AQ38) -> 0.218 | AS38: =sum(AQ38-AQ$358)/AQ$359 -> -0.79113367 | AT38: 73.39 | AU38: =PERCENTRANK(AT$2:AT$356,AT38) -> 0.398 | AV38: =sum(AT38-AT$358)/AT$359 -> -0.18406806 | AW38: =(AT38 * LOG(AQ38 + 1)) / LOG(MAX(AQ$2:AQ$356) + 1) * 100 -> 5959.0402 | AX38: =sum(AW38-AW$358)/AW$359 -> -0.54328069 | AY38: =PERCENTRANK(AX$2:AX$356,AX38) -> 0.277 | AZ38: 3.6 | BA38: =PERCENTRANK(AZ$2:AZ$356,AZ38) -> 0.082 | BB38: =sum(AZ38-AZ$358)/AZ$359 -> -1.2291222 | BC38: 31.33 | BD38: =PERCENTRANK(BC$2:BC$356,BC38) -> 0.008 | BE38: =sum(BC38-BC$358)/BC$359 -> -2.6477004 | BF38: =(BC38 * LOG(AZ38 + 1)) / LOG(MAX(AZ$2:AZ$356) + 1) * 100 -> 1822.6216 | BG38: =sum(BF38-BF$358)/BF$359 -> -2.380995 | BH38: =PERCENTRANK(BG$2:BG$356,BG38) -> 0.011 | BI38: 6.85 | BJ38: =PERCENTRANK(BI$2:BI$356,BI38) -> 0.266 | BK38: =sum(BI38-BI$358)/BI$359 -> -0.67551851 | BL38: 69.62 | BM38: =PERCENTRANK(BL$2:BL$356,BL38) -> 0.562 | BN38: =sum(BL38-BL$358)/BL$359 -> 0.18515572 | BO38: =(BL38 * LOG(BI38 + 1)) / LOG(MAX(BI$2:BI$356) + 1) * 100 -> 5224.0924 | BP38: =sum(BO38-BO$358)/BO$359 -> -0.27299164 | BQ38: =PERCENTRANK(BP$2:BP$356,BP38) -> 0.39 | BR38: =sum(AO38,AX38,BG38,BP38) -> -4.1780055 | BS38: =PERCENTRANK(BR$2:BR$356,BR38) -> 0.088
A39: 2024 | B39: M. Mahoney | C39: Colorado Springs | D39: {=INDEX( TP!C:C, MATCH( 1, (TP!A:A = A39) * (TP!B:B = C39), 0 ) )} -> 50.24 | E39: =sum(AF39,BR39) -> 4.6071768 | F39: =PERCENTRANK(E$2:E$356,E39) -> 0.901 | G39: 4.93 | H39: =PERCENTRANK(G$2:G$356,G39) -> 0.41 | I39: =sum(G39-G$358)/G$359 -> -0.2978848 | J39: =G39 * (2/(1+EXP(-7*(($D39/100)-0.5)))) -> 4.971411 | K39: =PERCENTRANK(J$2:J$356,J39) -> 0.45 | L39: =sum(J39-J$358)/J$359 -> -0.22662786 | M39: 68.25 | N39: =PERCENTRANK(M$2:M$356,M39) -> 0.672 | O39: =sum(M39-M$358)/M$359 -> 0.4001757 | P39: =(M39 * LOG(J39 + 1)) / LOG(MAX(J$2:J$356) + 1) * 100 -> 5159.407 | Q39: =sum(P39-P$358)/P$359 -> 0.14513405 | R39: =PERCENTRANK(Q$2:Q$356,Q39) -> 0.554 | S39: 5 | T39: =S39 * (2/(1+EXP(-7*(($D39/100)-0.5)))) -> 5.041999 | U39: =PERCENTRANK(T$2:T$356,T39) -> 0.876 | V39: =sum(S39-S$358)/S$359 -> 1.0601182 | W39: 50.93 | X39: =PERCENTRANK(W$2:W$356,W39) -> 0.192 | Y39: =sum(W39-W$358)/W$359 -> -0.88952035 | Z39: =(W39 * LOG(T39 + 1)) / LOG(MAX(T$2:T$356) + 1) * 100 -> 4429.2108 | AA39: =sum(Z39-Z$358)/Z$359 -> 0.037689512 | AB39: =PERCENTRANK(AA$2:AA$356,AA39) -> 0.52 | AC39: 8.3 | AD39: =PERCENTRANK(AC$2:AC$356,AC39) -> 0.924 | AE39: =sum(AC39-AC$358)/AC$359 -> 1.5145071 | AF39: =sum(Q39,AA39,AE39) -> 1.6973307 | AG39: =PERCENTRANK(AF$2:AF$356,AF39) -> 0.828 | AH39: 22.17 | AI39: =PERCENTRANK(AH$2:AH$356,AH39) -> 0.785 | AJ39: =sum(AH39-AH$358)/AH$359 -> 0.71562603 | AK39: 95.15 | AL39: =PERCENTRANK(AK$2:AK$356,AK39) -> 0.542 | AM39: =sum(AK39-AK$358)/AK$359 -> 0.32869807 | AN39: =(AK39 * LOG(AH39 + 1)) / LOG(MAX(AH$2:AH$356) + 1) * 100 -> 8417.8488 | AO39: =sum(AN39-AN$358)/AN$359 -> 0.68324041 | AP39: =PERCENTRANK(AO$2:AO$356,AO39) -> 0.757 | AQ39: 23.15 | AR39: =PERCENTRANK(AQ$2:AQ$356,AQ39) -> 0.941 | AS39: =sum(AQ39-AQ$358)/AQ$359 -> 1.4899256 | AT39: 75.98 | AU39: =PERCENTRANK(AT$2:AT$356,AT39) -> 0.576 | AV39: =sum(AT39-AT$358)/AT$359 -> 0.25825429 | AW39: =(AT39 * LOG(AQ39 + 1)) / LOG(MAX(AQ$2:AQ$356) + 1) * 100 -> 7012.1897 | AX39: =sum(AW39-AW$358)/AW$359 -> 0.94296308 | AY39: =PERCENTRANK(AX$2:AX$356,AX39) -> 0.839 | AZ39: 7.48 | BA39: =PERCENTRANK(AZ$2:AZ$356,AZ39) -> 0.794 | BB39: =sum(AZ39-AZ$358)/AZ$359 -> 0.81646934 | BC39: 51.25 | BD39: =PERCENTRANK(BC$2:BC$356,BC39) -> 0.525 | BE39: =sum(BC39-BC$358)/BC$359 -> 0.076844052 | BF39: =(BC39 * LOG(AZ39 + 1)) / LOG(MAX(AZ$2:AZ$356) + 1) * 100 -> 4176.46 | BG39: =sum(BF39-BF$358)/BF$359 -> 0.64229057 | BH39: =PERCENTRANK(BG$2:BG$356,BG39) -> 0.72 | BI39: 10.02 | BJ39: =PERCENTRANK(BI$2:BI$356,BI39) -> 0.864 | BK39: =sum(BI39-BI$358)/BI$359 -> 1.0952589 | BL39: 69 | BM39: =PERCENTRANK(BL$2:BL$356,BL39) -> 0.52 | BN39: =sum(BL39-BL$358)/BL$359 -> 0.091001494 | BO39: =(BL39 * LOG(BI39 + 1)) / LOG(MAX(BI$2:BI$356) + 1) * 100 -> 6029.892 | BP39: =sum(BO39-BO$358)/BO$359 -> 0.64135213 | BQ39: =PERCENTRANK(BP$2:BP$356,BP39) -> 0.729 | BR39: =sum(AO39,AX39,BG39,BP39) -> 2.9098462 | BS39: =PERCENTRANK(BR$2:BR$356,BR39) -> 0.836
A40: 2024 | B40: D. Pierre | C40: Colorado Springs | D40: {=INDEX( TP!C:C, MATCH( 1, (TP!A:A = A40) * (TP!B:B = C40), 0 ) )} -> 50.24 | E40: =sum(AF40+BR40) -> -0.20485205 | F40: =PERCENTRANK(E$2:E$356,E40) -> 0.46 | G40: 6.03 | H40: =PERCENTRANK(G$2:G$356,G40) -> 0.718 | I40: =sum(G40-G$358)/G$359 -> 0.49711257 | J40: =G40 * (2/(1+EXP(-7*(($D40/100)-0.5)))) -> 6.0806508 | K40: =PERCENTRANK(J$2:J$356,J40) -> 0.734 | L40: =sum(J40-J$358)/J$359 -> 0.54335425 | M40: 72.88 | N40: =PERCENTRANK(M$2:M$356,M40) -> 0.887 | O40: =sum(M40-M$358)/M$359 -> 1.2094836 | P40: =(M40 * LOG(J40 + 1)) / LOG(MAX(J$2:J$356) + 1) * 100 -> 6034.7185 | Q40: =sum(P40-P$358)/P$359 -> 1.245619 | R40: =PERCENTRANK(Q$2:Q$356,Q40) -> 0.895 | S40: 5.21 | T40: =S40 * (2/(1+EXP(-7*(($D40/100)-0.5)))) -> 5.253763 | U40: =PERCENTRANK(T$2:T$356,T40) -> 0.898 | V40: =sum(S40-S$358)/S$359 -> 1.2458045 | W40: 61.76 | X40: =PERCENTRANK(W$2:W$356,W40) -> 0.613 | Y40: =sum(W40-W$358)/W$359 -> 0.35353519 | Z40: =(W40 * LOG(T40 + 1)) / LOG(MAX(T$2:T$356) + 1) * 100 -> 5473.9232 | AA40: =sum(Z40-Z$358)/Z$359 -> 0.99349609 | AB40: =PERCENTRANK(AA$2:AA$356,AA40) -> 0.822 | AC40: 5.32 | AD40: =PERCENTRANK(AC$2:AC$356,AC40) -> 0.184 | AE40: =sum(AC40-AC$358)/AC$359 -> -0.8717743 | AF40: =sum(Q40,AA40,AE40) -> 1.3673407 | AG40: =PERCENTRANK(AF$2:AF$356,AF40) -> 0.771 | AH40: 14.2 | AI40: =PERCENTRANK(AH$2:AH$356,AH40) -> 0.164 | AJ40: =sum(AH40-AH$358)/AH$359 -> -0.82327017 | AK40: 94.96 | AL40: =PERCENTRANK(AK$2:AK$356,AK40) -> 0.508 | AM40: =sum(AK40-AK$358)/AK$359 -> 0.27248864 | AN40: =(AK40 * LOG(AH40 + 1)) / LOG(MAX(AH$2:AH$356) + 1) * 100 -> 7274.178 | AO40: =sum(AN40-AN$358)/AN$359 -> -0.53426283 | AP40: =PERCENTRANK(AO$2:AO$356,AO40) -> 0.237 | AQ40: 17.16 | AR40: =PERCENTRANK(AQ$2:AQ$356,AQ40) -> 0.395 | AS40: =sum(AQ40-AQ$358)/AQ$359 -> -0.28918183 | AT40: 70.24 | AU40: =PERCENTRANK(AT$2:AT$356,AT40) -> 0.209 | AV40: =sum(AT40-AT$358)/AT$359 -> -0.72202767 | AW40: =(AT40 * LOG(AQ40 + 1)) / LOG(MAX(AQ$2:AQ$356) + 1) * 100 -> 5902.1249 | AX40: =sum(AW40-AW$358)/AW$359 -> -0.62360168 | AY40: =PERCENTRANK(AX$2:AX$356,AX40) -> 0.251 | AZ40: 6.49 | BA40: =PERCENTRANK(AZ$2:AZ$356,AZ40) -> 0.636 | BB40: =sum(AZ40-AZ$358)/AZ$359 -> 0.29452716 | BC40: 43.31 | BD40: =PERCENTRANK(BC$2:BC$356,BC40) -> 0.141 | BE40: =sum(BC40-BC$358)/BC$359 -> -1.0091441 | BF40: =(BC40 * LOG(AZ40 + 1)) / LOG(MAX(AZ$2:AZ$356) + 1) * 100 -> 3324.4532 | BG40: =sum(BF40-BF$358)/BF$359 -> -0.45203253 | BH40: =PERCENTRANK(BG$2:BG$356,BG40) -> 0.316 | BI40: 8.17 | BJ40: =PERCENTRANK(BI$2:BI$356,BI40) -> 0.542 | BK40: =sum(BI40-BI$358)/BI$359 -> 0.061839919 | BL40: 68.13 | BM40: =PERCENTRANK(BL$2:BL$356,BL40) -> 0.444 | BN40: =sum(BL40-BL$358)/BL$359 -> -0.041118148 | BO40: =(BL40 * LOG(BI40 + 1)) / LOG(MAX(BI$2:BI$356) + 1) * 100 -> 5497.9048 | BP40: =sum(BO40-BO$358)/BO$359 -> 0.037704248 | BQ40: =PERCENTRANK(BP$2:BP$356,BP40) -> 0.528 | BR40: =sum(AO40,AX40,BG40,BP40) -> -1.5721928 | BS40: =PERCENTRANK(BR$2:BR$356,BR40) -> 0.266
A41: 2024 | B41: D. Lacroix | C41: Colorado Springs | D41: {=INDEX( TP!C:C, MATCH( 1, (TP!A:A = A41) * (TP!B:B = C41), 0 ) )} -> 50.24 | E41: =sum(AF41,BR41) -> -6.1406033 | F41: =PERCENTRANK(E$2:E$356,E41) -> 0.056 | G41: 5.05 | H41: =PERCENTRANK(G$2:G$356,G41) -> 0.444 | I41: =sum(G41-G$358)/G$359 -> -0.21115782 | J41: =G41 * (2/(1+EXP(-7*(($D41/100)-0.5)))) -> 5.092419 | K41: =PERCENTRANK(J$2:J$356,J41) -> 0.479 | L41: =sum(J41-J$358)/J$359 -> -0.14262981 | M41: 62.72 | N41: =PERCENTRANK(M$2:M$356,M41) -> 0.288 | O41: =sum(M41-M$358)/M$359 -> -0.56644904 | P41: =(M41 * LOG(J41 + 1)) / LOG(MAX(J$2:J$356) + 1) * 100 -> 4794.5927 | Q41: =sum(P41-P$358)/P$359 -> -0.31352854 | R41: =PERCENTRANK(Q$2:Q$356,Q41) -> 0.356 | S41: 2.24 | T41: =S41 * (2/(1+EXP(-7*(($D41/100)-0.5)))) -> 2.2588156 | U41: =PERCENTRANK(T$2:T$356,T41) -> 0.088 | V41: =sum(S41-S$358)/S$359 -> -1.3803306 | W41: 49.33 | X41: =PERCENTRANK(W$2:W$356,W41) -> 0.13 | Y41: =sum(W41-W$358)/W$359 -> -1.0731666 | Z41: =(W41 * LOG(T41 + 1)) / LOG(MAX(T$2:T$356) + 1) * 100 -> 2817.6061 | AA41: =sum(Z41-Z$358)/Z$359 -> -1.4367663 | AB41: =PERCENTRANK(AA$2:AA$356,AA41) -> 0.079 | AC41: 5.24 | AD41: =PERCENTRANK(AC$2:AC$356,AC41) -> 0.164 | AE41: =sum(AC41-AC$358)/AC$359 -> -0.93583555 | AF41: =sum(Q41,AA41,AE41) -> -2.6861304 | AG41: =PERCENTRANK(AF$2:AF$356,AF41) -> 0.09 | AH41: 15.68 | AI41: =PERCENTRANK(AH$2:AH$356,AH41) -> 0.288 | AJ41: =sum(AH41-AH$358)/AH$359 -> -0.53750275 | AK41: 95.62 | AL41: =PERCENTRANK(AK$2:AK$356,AK41) -> 0.627 | AM41: =sum(AK41-AK$358)/AK$359 -> 0.46774244 | AN41: =(AK41 * LOG(AH41 + 1)) / LOG(MAX(AH$2:AH$356) + 1) * 100 -> 7574.8289 | AO41: =sum(AN41-AN$358)/AN$359 -> -0.21420268 | AP41: =PERCENTRANK(AO$2:AO$356,AO41) -> 0.384 | AQ41: 15.53 | AR41: =PERCENTRANK(AQ$2:AQ$356,AQ41) -> 0.22 | AS41: =sum(AQ41-AQ$358)/AQ$359 -> -0.7733129 | AT41: 70.96 | AU41: =PERCENTRANK(AT$2:AT$356,AT41) -> 0.251 | AV41: =sum(AT41-AT$358)/AT$359 -> -0.59906547 | AW41: =(AT41 * LOG(AQ41 + 1)) / LOG(MAX(AQ$2:AQ$356) + 1) * 100 -> 5769.2104 | AX41: =sum(AW41-AW$358)/AW$359 -> -0.81117558 | AY41: =PERCENTRANK(AX$2:AX$356,AX41) -> 0.178 | AZ41: 4 | BA41: =PERCENTRANK(AZ$2:AZ$356,AZ41) -> 0.15 | BB41: =sum(AZ41-AZ$358)/AZ$359 -> -1.0182365 | BC41: 39.55 | BD41: =PERCENTRANK(BC$2:BC$356,BC41) -> 0.065 | BE41: =sum(BC41-BC$358)/BC$359 -> -1.5234155 | BF41: =(BC41 * LOG(AZ41 + 1)) / LOG(MAX(AZ$2:AZ$356) + 1) * 100 -> 2426.5335 | BG41: =sum(BF41-BF$358)/BF$359 -> -1.6053266 | BH41: =PERCENTRANK(BG$2:BG$356,BG41) -> 0.051 | BI41: 6.21 | BJ41: =PERCENTRANK(BI$2:BI$356,BI41) -> 0.136 | BK41: =sum(BI41-BI$358)/BI$359 -> -1.0330256 | BL41: 65.87 | BM41: =PERCENTRANK(BL$2:BL$356,BL41) -> 0.339 | BN41: =sum(BL41-BL$358)/BL$359 -> -0.38432549 | BO41: =(BL41 * LOG(BI41 + 1)) / LOG(MAX(BI$2:BI$356) + 1) * 100 -> 4738.7002 | BP41: =sum(BO41-BO$358)/BO$359 -> -0.82376794 | BQ41: =PERCENTRANK(BP$2:BP$356,BP41) -> 0.195 | BR41: =sum(AO41,AX41,BG41,BP41) -> -3.4544728 | BS41: =PERCENTRANK(BR$2:BR$356,BR41) -> 0.138
A42: 2025 | B42: M. Mahoney | C42: Colorado Springs | D42: {=INDEX( TP!C:C, MATCH( 1, (TP!A:A = A42) * (TP!B:B = C42), 0 ) )} -> 51.61 | E42: =sum(AF42,BR42) -> 3.7866018 | F42: =PERCENTRANK(E$2:E$356,E42) -> 0.845 | G42: 3.23 | H42: =PERCENTRANK(G$2:G$356,G42) -> 0.042 | I42: =sum(G42-G$358)/G$359 -> -1.5265171 | J42: =G42 * (2/(1+EXP(-7*(($D42/100)-0.5)))) -> 3.4118181 | K42: =PERCENTRANK(J$2:J$356,J42) -> 0.088 | L42: =sum(J42-J$358)/J$359 -> -1.309224 | M42: 70.3 | N42: =PERCENTRANK(M$2:M$356,M42) -> 0.799 | O42: =sum(M42-M$358)/M$359 -> 0.75850856 | P42: =(M42 * LOG(J42 + 1)) / LOG(MAX(J$2:J$356) + 1) * 100 -> 4414.1778 | Q42: =sum(P42-P$358)/P$359 -> -0.79180497 | R42: =PERCENTRANK(Q$2:Q$356,Q42) -> 0.201 | S42: 3.65 | T42: =S42 * (2/(1+EXP(-7*(($D42/100)-0.5)))) -> 3.8554601 | U42: =PERCENTRANK(T$2:T$356,T42) -> 0.568 | V42: =sum(S42-S$358)/S$359 -> -0.13357957 | W42: 52.63 | X42: =PERCENTRANK(W$2:W$356,W42) -> 0.254 | Y42: =sum(W42-W$358)/W$359 -> -0.69439621 | Z42: =(W42 * LOG(T42 + 1)) / LOG(MAX(T$2:T$356) + 1) * 100 -> 4020.7263 | AA42: =sum(Z42-Z$358)/Z$359 -> -0.33603262 | AB42: =PERCENTRANK(AA$2:AA$356,AA42) -> 0.37 | AC42: 8.17 | AD42: =PERCENTRANK(AC$2:AC$356,AC42) -> 0.907 | AE42: =sum(AC42-AC$358)/AC$359 -> 1.4104076 | AF42: =sum(Q42,AA42,AE42) -> 0.28256998 | AG42: =PERCENTRANK(AF$2:AF$356,AF42) -> 0.548 | AH42: 22.76 | AI42: =PERCENTRANK(AH$2:AH$356,AH42) -> 0.811 | AJ42: =sum(AH42-AH$358)/AH$359 -> 0.82954683 | AK42: 95.64 | AL42: =PERCENTRANK(AK$2:AK$356,AK42) -> 0.63 | AM42: =sum(AK42-AK$358)/AK$359 -> 0.47365922 | AN42: =(AK42 * LOG(AH42 + 1)) / LOG(MAX(AH$2:AH$356) + 1) * 100 -> 8528.8945 | AO42: =sum(AN42-AN$358)/AN$359 -> 0.80145491 | AP42: =PERCENTRANK(AO$2:AO$356,AO42) -> 0.816 | AQ42: 22.47 | AR42: =PERCENTRANK(AQ$2:AQ$356,AQ42) -> 0.918 | AS42: =sum(AQ42-AQ$358)/AQ$359 -> 1.2879568 | AT42: 74.93 | AU42: =PERCENTRANK(AT$2:AT$356,AT42) -> 0.494 | AV42: =sum(AT42-AT$358)/AT$359 -> 0.078934418 | AW42: =(AT42 * LOG(AQ42 + 1)) / LOG(MAX(AQ$2:AQ$356) + 1) * 100 -> 6853.2587 | AX42: =sum(AW42-AW$358)/AW$359 -> 0.7186738 | AY42: =PERCENTRANK(AX$2:AX$356,AX42) -> 0.771 | AZ42: 7.59 | BA42: =PERCENTRANK(AZ$2:AZ$356,AZ42) -> 0.816 | BB42: =sum(AZ42-AZ$358)/AZ$359 -> 0.87446291 | BC42: 53.59 | BD42: =PERCENTRANK(BC$2:BC$356,BC42) -> 0.616 | BE42: =sum(BC42-BC$358)/BC$359 -> 0.39689597 | BF42: =(BC42 * LOG(AZ42 + 1)) / LOG(MAX(AZ$2:AZ$356) + 1) * 100 -> 4393.4806 | BG42: =sum(BF42-BF$358)/BF$359 -> 0.92103335 | BH42: =PERCENTRANK(BG$2:BG$356,BG42) -> 0.814 | BI42: 9.86 | BJ42: =PERCENTRANK(BI$2:BI$356,BI42) -> 0.842 | BK42: =sum(BI42-BI$358)/BI$359 -> 1.0058821 | BL42: 73.7 | BM42: =PERCENTRANK(BL$2:BL$356,BL42) -> 0.791 | BN42: =sum(BL42-BL$358)/BL$359 -> 0.80475128 | BO42: =(BL42 * LOG(BI42 + 1)) / LOG(MAX(BI$2:BI$356) + 1) * 100 -> 6401.3702 | BP42: =sum(BO42-BO$358)/BO$359 -> 1.0628698 | BQ42: =PERCENTRANK(BP$2:BP$356,BP42) -> 0.873 | BR42: =sum(AO42,AX42,BG42,BP42) -> 3.5040318 | BS42: =PERCENTRANK(BR$2:BR$356,BR42) -> 0.884
A43: 2025 | B43: G. Metusala | C43: Colorado Springs | D43: {=INDEX( TP!C:C, MATCH( 1, (TP!A:A = A43) * (TP!B:B = C43), 0 ) )} -> 51.61 | E43: =sum(AF43,BR43) -> -2.5346977 | F43: =PERCENTRANK(E$2:E$356,E43) -> 0.246 | G43: 3.08 | H43: =PERCENTRANK(G$2:G$356,G43) -> 0.025 | I43: =sum(G43-G$358)/G$359 -> -1.6349258 | J43: =G43 * (2/(1+EXP(-7*(($D43/100)-0.5)))) -> 3.2533745 | K43: =PERCENTRANK(J$2:J$356,J43) -> 0.054 | L43: =sum(J43-J$358)/J$359 -> -1.419208 | M43: 62.67 | N43: =PERCENTRANK(M$2:M$356,M43) -> 0.277 | O43: =sum(M43-M$358)/M$359 -> -0.57518887 | P43: =(M43 * LOG(J43 + 1)) / LOG(MAX(J$2:J$356) + 1) * 100 -> 3838.1215 | Q43: =sum(P43-P$358)/P$359 -> -1.5160514 | R43: =PERCENTRANK(Q$2:Q$356,Q43) -> 0.048 | S43: 3.61 | T43: =S43 * (2/(1+EXP(-7*(($D43/100)-0.5)))) -> 3.8132085 | U43: =PERCENTRANK(T$2:T$356,T43) -> 0.545 | V43: =sum(S43-S$358)/S$359 -> -0.1689484 | W43: 56.82 | X43: =PERCENTRANK(W$2:W$356,W43) -> 0.401 | Y43: =sum(W43-W$358)/W$359 -> -0.2134726 | Z43: =(W43 * LOG(T43 + 1)) / LOG(MAX(T$2:T$356) + 1) * 100 -> 4316.8157 | AA43: =sum(Z43-Z$358)/Z$359 -> -0.065140658 | AB43: =PERCENTRANK(AA$2:AA$356,AA43) -> 0.46 | AC43: 5.13 | AD43: =PERCENTRANK(AC$2:AC$356,AC43) -> 0.144 | AE43: =sum(AC43-AC$358)/AC$359 -> -1.0239198 | AF43: =sum(Q43,AA43,AE43) -> -2.6051118 | AG43: =PERCENTRANK(AF$2:AF$356,AF43) -> 0.093 | AH43: 24.46 | AI43: =PERCENTRANK(AH$2:AH$356,AH43) -> 0.873 | AJ43: =sum(AH43-AH$358)/AH$359 -> 1.1577932 | AK43: 97.65 | AL43: =PERCENTRANK(AK$2:AK$356,AK43) -> 0.96 | AM43: =sum(AK43-AK$358)/AK$359 -> 1.0682958 | AN43: =(AK43 * LOG(AH43 + 1)) / LOG(MAX(AH$2:AH$356) + 1) * 100 -> 8898.095 | AO43: =sum(AN43-AN$358)/AN$359 -> 1.19449 | AP43: =PERCENTRANK(AO$2:AO$356,AO43) -> 0.901 | AQ43: 16.54 | AR43: =PERCENTRANK(AQ$2:AQ$356,AQ43) -> 0.325 | AS43: =sum(AQ43-AQ$358)/AQ$359 -> -0.47332984 | AT43: 73.7 | AU43: =PERCENTRANK(AT$2:AT$356,AT43) -> 0.421 | AV43: =sum(AT43-AT$358)/AT$359 -> -0.131126 | AW43: =(AT43 * LOG(AQ43 + 1)) / LOG(MAX(AQ$2:AQ$356) + 1) * 100 -> 6118.6612 | AX43: =sum(AW43-AW$358)/AW$359 -> -0.31801766 | AY43: =PERCENTRANK(AX$2:AX$356,AX43) -> 0.345 | AZ43: 5.75 | BA43: =PERCENTRANK(AZ$2:AZ$356,AZ43) -> 0.489 | BB43: =sum(AZ43-AZ$358)/AZ$359 -> -0.09561143 | BC43: 51.43 | BD43: =PERCENTRANK(BC$2:BC$356,BC43) -> 0.537 | BE43: =sum(BC43-BC$358)/BC$359 -> 0.10146343 | BF43: =(BC43 * LOG(AZ43 + 1)) / LOG(MAX(AZ$2:AZ$356) + 1) * 100 -> 3743.7895 | BG43: =sum(BF43-BF$358)/BF$359 -> 0.086565802 | BH43: =PERCENTRANK(BG$2:BG$356,BG43) -> 0.525 | BI43: 6.28 | BJ43: =PERCENTRANK(BI$2:BI$356,BI43) -> 0.144 | BK43: =sum(BI43-BI$358)/BI$359 -> -0.99392328 | BL43: 64.71 | BM43: =PERCENTRANK(BL$2:BL$356,BL43) -> 0.268 | BN43: =sum(BL43-BL$358)/BL$359 -> -0.56048502 | BO43: =(BL43 * LOG(BI43 + 1)) / LOG(MAX(BI$2:BI$356) + 1) * 100 -> 4678.0181 | BP43: =sum(BO43-BO$358)/BO$359 -> -0.89262407 | BQ43: =PERCENTRANK(BP$2:BP$356,BP43) -> 0.172 | BR43: =sum(AO43,AX43,BG43,BP43) -> 0.070414111 | BS43: =PERCENTRANK(BR$2:BR$356,BR43) -> 0.483
A44: 2022 | B44: D. Amoo-Mensah | C44: Detroit City | D44: {=INDEX( TP!C:C, MATCH( 1, (TP!A:A = A44) * (TP!B:B = C44), 0 ) )} -> 47.25 | E44: =sum(AF44,BR44) -> 1.7895932 | F44: =PERCENTRANK(E$2:E$356,E44) -> 0.667 | G44: 6.74 | H44: =PERCENTRANK(G$2:G$356,G44) -> 0.836 | I44: =sum(G44-G$358)/G$359 -> 1.0102472 | J44: =G44 * (2/(1+EXP(-7*(($D44/100)-0.5)))) -> 6.0932709 | K44: =PERCENTRANK(J$2:J$356,J44) -> 0.739 | L44: =sum(J44-J$358)/J$359 -> 0.55211451 | M44: 62.69 | N44: =PERCENTRANK(M$2:M$356,M44) -> 0.285 | O44: =sum(M44-M$358)/M$359 -> -0.57169294 | P44: =(M44 * LOG(J44 + 1)) / LOG(MAX(J$2:J$356) + 1) * 100 -> 5195.6734 | Q44: =sum(P44-P$358)/P$359 -> 0.19073004 | R44: =PERCENTRANK(Q$2:Q$356,Q44) -> 0.576 | S44: 5.28 | T44: =S44 * (2/(1+EXP(-7*(($D44/100)-0.5)))) -> 4.7733635 | U44: =PERCENTRANK(T$2:T$356,T44) -> 0.831 | V44: =sum(S44-S$358)/S$359 -> 1.3076999 | W44: 67.62 | X44: =PERCENTRANK(W$2:W$356,W44) -> 0.845 | Y44: =sum(W44-W$358)/W$359 -> 1.0261396 | Z44: =(W44 * LOG(T44 + 1)) / LOG(MAX(T$2:T$356) + 1) * 100 -> 5731.9939 | AA44: =sum(Z44-Z$358)/Z$359 -> 1.2296048 | AB44: =PERCENTRANK(AA$2:AA$356,AA44) -> 0.876 | AC44: 7.9 | AD44: =PERCENTRANK(AC$2:AC$356,AC44) -> 0.879 | AE44: =sum(AC44-AC$358)/AC$359 -> 1.1942009 | AF44: =sum(Q44,AA44,AE44) -> 2.6145357 | AG44: =PERCENTRANK(AF$2:AF$356,AF44) -> 0.904 | AH44: 16.04 | AI44: =PERCENTRANK(AH$2:AH$356,AH44) -> 0.339 | AJ44: =sum(AH44-AH$358)/AH$359 -> -0.46799175 | AK44: 93.1 | AL44: =PERCENTRANK(AK$2:AK$356,AK44) -> 0.282 | AM44: =sum(AK44-AK$358)/AK$359 -> -0.27777208 | AN44: =(AK44 * LOG(AH44 + 1)) / LOG(MAX(AH$2:AH$356) + 1) * 100 -> 7431.1595 | AO44: =sum(AN44-AN$358)/AN$359 -> -0.36714693 | AP44: =PERCENTRANK(AO$2:AO$356,AO44) -> 0.305 | AQ44: 19.16 | AR44: =PERCENTRANK(AQ$2:AQ$356,AQ44) -> 0.613 | AS44: =sum(AQ44-AQ$358)/AQ$359 -> 0.30484403 | AT44: 71.13 | AU44: =PERCENTRANK(AT$2:AT$356,AT44) -> 0.26 | AV44: =sum(AT44-AT$358)/AT$359 -> -0.57003273 | AW44: =(AT44 * LOG(AQ44 + 1)) / LOG(MAX(AQ$2:AQ$356) + 1) * 100 -> 6192.2994 | AX44: =sum(AW44-AW$358)/AW$359 -> -0.21409667 | AY44: =PERCENTRANK(AX$2:AX$356,AX44) -> 0.412 | AZ44: 5.88 | BA44: =PERCENTRANK(AZ$2:AZ$356,AZ44) -> 0.511 | BB44: =sum(AZ44-AZ$358)/AZ$359 -> -0.027073569 | BC44: 48.72 | BD44: =PERCENTRANK(BC$2:BC$356,BC44) -> 0.384 | BE44: =sum(BC44-BC$358)/BC$359 -> -0.26919498 | BF44: =(BC44 * LOG(AZ44 + 1)) / LOG(MAX(AZ$2:AZ$356) + 1) * 100 -> 3581.9475 | BG44: =sum(BF44-BF$358)/BF$359 -> -0.12130521 | BH44: =PERCENTRANK(BG$2:BG$356,BG44) -> 0.441 | BI44: 8.7 | BJ44: =PERCENTRANK(BI$2:BI$356,BI44) -> 0.636 | BK44: =sum(BI44-BI$358)/BI$359 -> 0.3579005 | BL44: 64.74 | BM44: =PERCENTRANK(BL$2:BL$356,BL44) -> 0.271 | BN44: =sum(BL44-BL$358)/BL$359 -> -0.55592917 | BO44: =(BL44 * LOG(BI44 + 1)) / LOG(MAX(BI$2:BI$356) + 1) * 100 -> 5356.8125 | BP44: =sum(BO44-BO$358)/BO$359 -> -0.12239368 | BQ44: =PERCENTRANK(BP$2:BP$356,BP44) -> 0.458 | BR44: =sum(AO44,AX44,BG44,BP44) -> -0.8249425 | BS44: =PERCENTRANK(BR$2:BR$356,BR44) -> 0.35
A45: 2022 | B45: M. Bryant | C45: Detroit City | D45: {=INDEX( TP!C:C, MATCH( 1, (TP!A:A = A45) * (TP!B:B = C45), 0 ) )} -> 47.25 | E45: =sum(AF45+BR45) -> -0.79007388 | F45: =PERCENTRANK(E$2:E$356,E45) -> 0.401 | G45: 6.04 | H45: =PERCENTRANK(G$2:G$356,G45) -> 0.72 | I45: =sum(G45-G$358)/G$359 -> 0.50433982 | J45: =G45 * (2/(1+EXP(-7*(($D45/100)-0.5)))) -> 5.4604386 | K45: =PERCENTRANK(J$2:J$356,J45) -> 0.595 | L45: =sum(J45-J$358)/J$359 -> 0.11283209 | M45: 59.17 | N45: =PERCENTRANK(M$2:M$356,M45) -> 0.099 | O45: =sum(M45-M$358)/M$359 -> -1.1869767 | P45: =(M45 * LOG(J45 + 1)) / LOG(MAX(J$2:J$356) + 1) * 100 -> 4670.0269 | Q45: =sum(P45-P$358)/P$359 -> -0.47013882 | R45: =PERCENTRANK(Q$2:Q$356,Q45) -> 0.302 | S45: 5.01 | T45: =S45 * (2/(1+EXP(-7*(($D45/100)-0.5)))) -> 4.5292711 | U45: =PERCENTRANK(T$2:T$356,T45) -> 0.76 | V45: =sum(S45-S$358)/S$359 -> 1.0689604 | W45: 57.14 | X45: =PERCENTRANK(W$2:W$356,W45) -> 0.41 | Y45: =sum(W45-W$358)/W$359 -> -0.17674335 | Z45: =(W45 * LOG(T45 + 1)) / LOG(MAX(T$2:T$356) + 1) * 100 -> 4724.2848 | AA45: =sum(Z45-Z$358)/Z$359 -> 0.30765253 | AB45: =PERCENTRANK(AA$2:AA$356,AA45) -> 0.616 | AC45: 6.47 | AD45: =PERCENTRANK(AC$2:AC$356,AC45) -> 0.559 | AE45: =sum(AC45-AC$358)/AC$359 -> 0.049106103 | AF45: =sum(Q45,AA45,AE45) -> -0.11338019 | AG45: =PERCENTRANK(AF$2:AF$356,AF45) -> 0.477 | AH45: 12.8 | AI45: =PERCENTRANK(AH$2:AH$356,AH45) -> 0.099 | AJ45: =sum(AH45-AH$358)/AH$359 -> -1.0935907 | AK45: 88.55 | AL45: =PERCENTRANK(AK$2:AK$356,AK45) -> 0.065 | AM45: =sum(AK45-AK$358)/AK$359 -> -1.62384 | AN45: =(AK45 * LOG(AH45 + 1)) / LOG(MAX(AH$2:AH$356) + 1) * 100 -> 6542.3016 | AO45: =sum(AN45-AN$358)/AN$359 -> -1.3133872 | AP45: =PERCENTRANK(AO$2:AO$356,AO45) -> 0.065 | AQ45: 15.95 | AR45: =PERCENTRANK(AQ$2:AQ$356,AQ45) -> 0.26 | AS45: =sum(AQ45-AQ$358)/AQ$359 -> -0.64856747 | AT45: 72.2 | AU45: =PERCENTRANK(AT$2:AT$356,AT45) -> 0.322 | AV45: =sum(AT45-AT$358)/AT$359 -> -0.38729724 | AW45: =(AT45 * LOG(AQ45 + 1)) / LOG(MAX(AQ$2:AQ$356) + 1) * 100 -> 5922.5298 | AX45: =sum(AW45-AW$358)/AW$359 -> -0.59480564 | AY45: =PERCENTRANK(AX$2:AX$356,AX45) -> 0.263 | AZ45: 5.72 | BA45: =PERCENTRANK(AZ$2:AZ$356,AZ45) -> 0.483 | BB45: =sum(AZ45-AZ$358)/AZ$359 -> -0.11142786 | BC45: 61.25 | BD45: =PERCENTRANK(BC$2:BC$356,BC45) -> 0.938 | BE45: =sum(BC45-BC$358)/BC$359 -> 1.4445873 | BF45: =(BC45 * LOG(AZ45 + 1)) / LOG(MAX(AZ$2:AZ$356) + 1) * 100 -> 4448.225 | BG45: =sum(BF45-BF$358)/BF$359 -> 0.99134733 | BH45: =PERCENTRANK(BG$2:BG$356,BG45) -> 0.847 | BI45: 7.69 | BJ45: =PERCENTRANK(BI$2:BI$356,BI45) -> 0.438 | BK45: =sum(BI45-BI$358)/BI$359 -> -0.20629042 | BL45: 72.09 | BM45: =PERCENTRANK(BL$2:BL$356,BL45) -> 0.715 | BN45: =sum(BL45-BL$358)/BL$359 -> 0.56025402 | BO45: =(BL45 * LOG(BI45 + 1)) / LOG(MAX(BI$2:BI$356) + 1) * 100 -> 5676.3192 | BP45: =sum(BO45-BO$358)/BO$359 -> 0.24015178 | BQ45: =PERCENTRANK(BP$2:BP$356,BP45) -> 0.585 | BR45: =sum(AO45,AX45,BG45,BP45) -> -0.67669369 | BS45: =PERCENTRANK(BR$2:BR$356,BR45) -> 0.367
A46: 2022 | B46: S. Carroll | C46: Detroit City | D46: {=INDEX( TP!C:C, MATCH( 1, (TP!A:A = A46) * (TP!B:B = C46), 0 ) )} -> 47.25 | E46: =sum(AF46,BR46) -> -1.1189289 | F46: =PERCENTRANK(E$2:E$356,E46) -> 0.384 | G46: 7.24 | H46: =PERCENTRANK(G$2:G$356,G46) -> 0.91 | I46: =sum(G46-G$358)/G$359 -> 1.3716097 | J46: =G46 * (2/(1+EXP(-7*(($D46/100)-0.5)))) -> 6.5452939 | K46: =PERCENTRANK(J$2:J$356,J46) -> 0.805 | L46: =sum(J46-J$358)/J$359 -> 0.86588767 | M46: 72.32 | N46: =PERCENTRANK(M$2:M$356,M46) -> 0.867 | O46: =sum(M46-M$358)/M$359 -> 1.1115975 | P46: =(M46 * LOG(J46 + 1)) / LOG(MAX(J$2:J$356) + 1) * 100 -> 6182.798 | Q46: =sum(P46-P$358)/P$359 -> 1.4317919 | R46: =PERCENTRANK(Q$2:Q$356,Q46) -> 0.932 | S46: 4.1 | T46: =S46 * (2/(1+EXP(-7*(($D46/100)-0.5)))) -> 3.7065891 | U46: =PERCENTRANK(T$2:T$356,T46) -> 0.5 | V46: =sum(S46-S$358)/S$359 -> 0.26431968 | W46: 50.39 | X46: =PERCENTRANK(W$2:W$356,W46) -> 0.161 | Y46: =sum(W46-W$358)/W$359 -> -0.95150096 | Z46: =(W46 * LOG(T46 + 1)) / LOG(MAX(T$2:T$356) + 1) * 100 -> 3773.7318 | AA46: =sum(Z46-Z$358)/Z$359 -> -0.56200764 | AB46: =PERCENTRANK(AA$2:AA$356,AA46) -> 0.288 | AC46: 7.52 | AD46: =PERCENTRANK(AC$2:AC$356,AC46) -> 0.825 | AE46: =sum(AC46-AC$358)/AC$359 -> 0.88990995 | AF46: =sum(Q46,AA46,AE46) -> 1.7596942 | AG46: =PERCENTRANK(AF$2:AF$356,AF46) -> 0.839 | AH46: 15.22 | AI46: =PERCENTRANK(AH$2:AH$356,AH46) -> 0.24 | AJ46: =sum(AH46-AH$358)/AH$359 -> -0.62632235 | AK46: 94.06 | AL46: =PERCENTRANK(AK$2:AK$356,AK46) -> 0.404 | AM46: =sum(AK46-AK$358)/AK$359 -> 0.0062334547 | AN46: =(AK46 * LOG(AH46 + 1)) / LOG(MAX(AH$2:AH$356) + 1) * 100 -> 7377.2042 | AO46: =sum(AN46-AN$358)/AN$359 -> -0.42458543 | AP46: =PERCENTRANK(AO$2:AO$356,AO46) -> 0.285 | AQ46: 13.99 | AR46: =PERCENTRANK(AQ$2:AQ$356,AQ46) -> 0.102 | AS46: =sum(AQ46-AQ$358)/AQ$359 -> -1.2307128 | AT46: 62.12 | AU46: =PERCENTRANK(AT$2:AT$356,AT46) -> 0.031 | AV46: =sum(AT46-AT$358)/AT$359 -> -2.108768 | AW46: =(AT46 * LOG(AQ46 + 1)) / LOG(MAX(AQ$2:AQ$356) + 1) * 100 -> 4874.4286 | AX46: =sum(AW46-AW$358)/AW$359 -> -2.0739251 | AY46: =PERCENTRANK(AX$2:AX$356,AX46) -> 0.028 | AZ46: 8.08 | BA46: =PERCENTRANK(AZ$2:AZ$356,AZ46) -> 0.873 | BB46: =sum(AZ46-AZ$358)/AZ$359 -> 1.1327979 | BC46: 46.4 | BD46: =PERCENTRANK(BC$2:BC$356,BC46) -> 0.28 | BE46: =sum(BC46-BC$358)/BC$359 -> -0.58651141 | BF46: =(BC46 * LOG(AZ46 + 1)) / LOG(MAX(AZ$2:AZ$356) + 1) * 100 -> 3902.1474 | BG46: =sum(BF46-BF$358)/BF$359 -> 0.28996165 | BH46: =PERCENTRANK(BG$2:BG$356,BG46) -> 0.593 | BI46: 6.78 | BJ46: =PERCENTRANK(BI$2:BI$356,BI46) -> 0.251 | BK46: =sum(BI46-BI$358)/BI$359 -> -0.71462085 | BL46: 65.24 | BM46: =PERCENTRANK(BL$2:BL$356,BL46) -> 0.299 | BN46: =sum(BL46-BL$358)/BL$359 -> -0.47999834 | BO46: =(BL46 * LOG(BI46 + 1)) / LOG(MAX(BI$2:BI$356) + 1) * 100 -> 4874.1485 | BP46: =sum(BO46-BO$358)/BO$359 -> -0.6700742 | BQ46: =PERCENTRANK(BP$2:BP$356,BP46) -> 0.246 | BR46: =sum(AO46,AX46,BG46,BP46) -> -2.8786231 | BS46: =PERCENTRANK(BR$2:BR$356,BR46) -> 0.155
A47: 2022 | B47: K. Ouimette | C47: Detroit City | D47: {=INDEX( TP!C:C, MATCH( 1, (TP!A:A = A47) * (TP!B:B = C47), 0 ) )} -> 47.25 | E47: =sum(AF47,BR47) -> -3.0032545 | F47: =PERCENTRANK(E$2:E$356,E47) -> 0.209 | G47: 8.9 | H47: =PERCENTRANK(G$2:G$356,G47) -> 0.989 | I47: =sum(G47-G$358)/G$359 -> 2.571333 | J47: =G47 * (2/(1+EXP(-7*(($D47/100)-0.5)))) -> 8.0460105 | K47: =PERCENTRANK(J$2:J$356,J47) -> 0.955 | L47: =sum(J47-J$358)/J$359 -> 1.9076146 | M47: 62.68 | N47: =PERCENTRANK(M$2:M$356,M47) -> 0.282 | O47: =sum(M47-M$358)/M$359 -> -0.5734409 | P47: =(M47 * LOG(J47 + 1)) / LOG(MAX(J$2:J$356) + 1) * 100 -> 5839.65 | Q47: =sum(P47-P$358)/P$359 -> 1.0003692 | R47: =PERCENTRANK(Q$2:Q$356,Q47) -> 0.831 | S47: 4.58 | T47: =S47 * (2/(1+EXP(-7*(($D47/100)-0.5)))) -> 4.1405313 | U47: =PERCENTRANK(T$2:T$356,T47) -> 0.644 | V47: =sum(S47-S$358)/S$359 -> 0.68874554 | W47: 50.68 | X47: =PERCENTRANK(W$2:W$356,W47) -> 0.172 | Y47: =sum(W47-W$358)/W$359 -> -0.91821507 | Z47: =(W47 * LOG(T47 + 1)) / LOG(MAX(T$2:T$356) + 1) * 100 -> 4011.5507 | AA47: =sum(Z47-Z$358)/Z$359 -> -0.34442732 | AB47: =PERCENTRANK(AA$2:AA$356,AA47) -> 0.364 | AC47: 4.48 | AD47: =PERCENTRANK(AC$2:AC$356,AC47) -> 0.04 | AE47: =sum(AC47-AC$358)/AC$359 -> -1.5444174 | AF47: =sum(Q47,AA47,AE47) -> -0.88847553 | AG47: =PERCENTRANK(AF$2:AF$356,AF47) -> 0.328 | AH47: 11.78 | AI47: =PERCENTRANK(AH$2:AH$356,AH47) -> 0.073 | AJ47: =sum(AH47-AH$358)/AH$359 -> -1.2905385 | AK47: 91.49 | AL47: =PERCENTRANK(AK$2:AK$356,AK47) -> 0.167 | AM47: =sum(AK47-AK$358)/AK$359 -> -0.75407302 | AN47: =(AK47 * LOG(AH47 + 1)) / LOG(MAX(AH$2:AH$356) + 1) * 100 -> 6561.7604 | AO47: =sum(AN47-AN$358)/AN$359 -> -1.2926722 | AP47: =PERCENTRANK(AO$2:AO$356,AO47) -> 0.071 | AQ47: 17.36 | AR47: =PERCENTRANK(AQ$2:AQ$356,AQ47) -> 0.41 | AS47: =sum(AQ47-AQ$358)/AQ$359 -> -0.22977924 | AT47: 76.53 | AU47: =PERCENTRANK(AT$2:AT$356,AT47) -> 0.633 | AV47: =sum(AT47-AT$358)/AT$359 -> 0.35218374 | AW47: =(AT47 * LOG(AQ47 + 1)) / LOG(MAX(AQ$2:AQ$356) + 1) * 100 -> 6454.9554 | AX47: =sum(AW47-AW$358)/AW$359 -> 0.15657328 | AY47: =PERCENTRANK(AX$2:AX$356,AX47) -> 0.548 | AZ47: 4.07 | BA47: =PERCENTRANK(AZ$2:AZ$356,AZ47) -> 0.172 | BB47: =sum(AZ47-AZ$358)/AZ$359 -> -0.98133148 | BC47: 44.62 | BD47: =PERCENTRANK(BC$2:BC$356,BC47) -> 0.181 | BE47: =sum(BC47-BC$358)/BC$359 -> -0.82996971 | BF47: =(BC47 * LOG(AZ47 + 1)) / LOG(MAX(AZ$2:AZ$356) + 1) * 100 -> 2761.2444 | BG47: =sum(BF47-BF$358)/BF$359 -> -1.1754217 | BH47: =PERCENTRANK(BG$2:BG$356,BG47) -> 0.127 | BI47: 6.83 | BJ47: =PERCENTRANK(BI$2:BI$356,BI47) -> 0.26 | BK47: =sum(BI47-BI$358)/BI$359 -> -0.6866906 | BL47: 75.23 | BM47: =PERCENTRANK(BL$2:BL$356,BL47) -> 0.847 | BN47: =sum(BL47-BL$358)/BL$359 -> 1.0370996 | BO47: =(BL47 * LOG(BI47 + 1)) / LOG(MAX(BI$2:BI$356) + 1) * 100 -> 5638.0624 | BP47: =sum(BO47-BO$358)/BO$359 -> 0.19674164 | BQ47: =PERCENTRANK(BP$2:BP$356,BP47) -> 0.571 | BR47: =sum(AO47,AX47,BG47,BP47) -> -2.114779 | BS47: =PERCENTRANK(BR$2:BR$356,BR47) -> 0.223
A48: 2023 | B48: S. Carroll | C48: Detroit City | D48: {=INDEX( TP!C:C, MATCH( 1, (TP!A:A = A48) * (TP!B:B = C48), 0 ) )} -> 46.56 | E48: =sum(AF48,BR48) -> 1.4186445 | F48: =PERCENTRANK(E$2:E$356,E48) -> 0.613 | G48: 6.12 | H48: =PERCENTRANK(G$2:G$356,G48) -> 0.734 | I48: =sum(G48-G$358)/G$359 -> 0.56215781 | J48: =G48 * (2/(1+EXP(-7*(($D48/100)-0.5)))) -> 5.386692 | K48: =PERCENTRANK(J$2:J$356,J48) -> 0.578 | L48: =sum(J48-J$358)/J$359 -> 0.061640643 | M48: 67.58 | N48: =PERCENTRANK(M$2:M$356,M48) -> 0.633 | O48: =sum(M48-M$358)/M$359 -> 0.28306203 | P48: =(M48 * LOG(J48 + 1)) / LOG(MAX(J$2:J$356) + 1) * 100 -> 5300.969 | Q48: =sum(P48-P$358)/P$359 -> 0.32311283 | R48: =PERCENTRANK(Q$2:Q$356,Q48) -> 0.627 | S48: 4 | T48: =S48 * (2/(1+EXP(-7*(($D48/100)-0.5)))) -> 3.5207137 | U48: =PERCENTRANK(T$2:T$356,T48) -> 0.435 | V48: =sum(S48-S$358)/S$359 -> 0.17589762 | W48: 59.44 | X48: =PERCENTRANK(W$2:W$356,W48) -> 0.492 | Y48: =sum(W48-W$358)/W$359 -> 0.087248134 | Z48: =(W48 * LOG(T48 + 1)) / LOG(MAX(T$2:T$356) + 1) * 100 -> 4335.693 | AA48: =sum(Z48-Z$358)/Z$359 -> -0.047869799 | AB48: =PERCENTRANK(AA$2:AA$356,AA48) -> 0.48 | AC48: 7.91 | AD48: =PERCENTRANK(AC$2:AC$356,AC48) -> 0.881 | AE48: =sum(AC48-AC$358)/AC$359 -> 1.2022085 | AF48: =sum(Q48,AA48,AE48) -> 1.4774516 | AG48: =PERCENTRANK(AF$2:AF$356,AF48) -> 0.788 | AH48: 14.71 | AI48: =PERCENTRANK(AH$2:AH$356,AH48) -> 0.198 | AJ48: =sum(AH48-AH$358)/AH$359 -> -0.72479626 | AK48: 92.78 | AL48: =PERCENTRANK(AK$2:AK$356,AK48) -> 0.243 | AM48: =sum(AK48-AK$358)/AK$359 -> -0.37244059 | AN48: =(AK48 * LOG(AH48 + 1)) / LOG(MAX(AH$2:AH$356) + 1) * 100 -> 7193.3755 | AO48: =sum(AN48-AN$358)/AN$359 -> -0.62028167 | AP48: =PERCENTRANK(AO$2:AO$356,AO48) -> 0.201 | AQ48: 17.45 | AR48: =PERCENTRANK(AQ$2:AQ$356,AQ48) -> 0.418 | AS48: =sum(AQ48-AQ$358)/AQ$359 -> -0.20304808 | AT48: 65.38 | AU48: =PERCENTRANK(AT$2:AT$356,AT48) -> 0.082 | AV48: =sum(AT48-AT$358)/AT$359 -> -1.5520225 | AW48: =(AT48 * LOG(AQ48 + 1)) / LOG(MAX(AQ$2:AQ$356) + 1) * 100 -> 5523.77 | AX48: =sum(AW48-AW$358)/AW$359 -> -1.1575504 | AY48: =PERCENTRANK(AX$2:AX$356,AX48) -> 0.119 | AZ48: 9.54 | BA48: =PERCENTRANK(AZ$2:AZ$356,AZ48) -> 0.958 | BB48: =sum(AZ48-AZ$358)/AZ$359 -> 1.9025308 | BC48: 51.91 | BD48: =PERCENTRANK(BC$2:BC$356,BC48) -> 0.562 | BE48: =sum(BC48-BC$358)/BC$359 -> 0.16711511 | BF48: =(BC48 * LOG(AZ48 + 1)) / LOG(MAX(AZ$2:AZ$356) + 1) * 100 -> 4660.5831 | BG48: =sum(BF48-BF$358)/BF$359 -> 1.2641015 | BH48: =PERCENTRANK(BG$2:BG$356,BG48) -> 0.901 | BI48: 9.26 | BJ48: =PERCENTRANK(BI$2:BI$356,BI48) -> 0.737 | BK48: =sum(BI48-BI$358)/BI$359 -> 0.67071923 | BL48: 69.18 | BM48: =PERCENTRANK(BL$2:BL$356,BL48) -> 0.537 | BN48: =sum(BL48-BL$358)/BL$359 -> 0.11833659 | BO48: =(BL48 * LOG(BI48 + 1)) / LOG(MAX(BI$2:BI$356) + 1) * 100 -> 5865.5948 | BP48: =sum(BO48-BO$358)/BO$359 -> 0.45492344 | BQ48: =PERCENTRANK(BP$2:BP$356,BP48) -> 0.658 | BR48: =sum(AO48,AX48,BG48,BP48) -> -0.058807082 | BS48: =PERCENTRANK(BR$2:BR$356,BR48) -> 0.469
A49: 2024 | B49: S. Carroll | C49: Detroit City | D49: {=INDEX( TP!C:C, MATCH( 1, (TP!A:A = A49) * (TP!B:B = C49), 0 ) )} -> 51.44 | E49: =sum(AF49,BR49) -> 3.5885023 | F49: =PERCENTRANK(E$2:E$356,E49) -> 0.828 | G49: 5.04 | H49: =PERCENTRANK(G$2:G$356,G49) -> 0.438 | I49: =sum(G49-G$358)/G$359 -> -0.21838507 | J49: =G49 * (2/(1+EXP(-7*(($D49/100)-0.5)))) -> 5.2938011 | K49: =PERCENTRANK(J$2:J$356,J49) -> 0.55 | L49: =sum(J49-J$358)/J$359 -> -0.0028398014 | M49: 80.43 | N49: =PERCENTRANK(M$2:M$356,M49) -> 0.997 | O49: =sum(M49-M$358)/M$359 -> 2.5291973 | P49: =(M49 * LOG(J49 + 1)) / LOG(MAX(J$2:J$356) + 1) * 100 -> 6259.0714 | Q49: =sum(P49-P$358)/P$359 -> 1.5276865 | R49: =PERCENTRANK(Q$2:Q$356,Q49) -> 0.946 | S49: 3.56 | T49: =S49 * (2/(1+EXP(-7*(($D49/100)-0.5)))) -> 3.7392722 | U49: =PERCENTRANK(T$2:T$356,T49) -> 0.514 | V49: =sum(S49-S$358)/S$359 -> -0.21315942 | W49: 64.62 | X49: =PERCENTRANK(W$2:W$356,W49) -> 0.754 | Y49: =sum(W49-W$358)/W$359 -> 0.68180286 | Z49: =(W49 * LOG(T49 + 1)) / LOG(MAX(T$2:T$356) + 1) * 100 -> 4861.0441 | AA49: =sum(Z49-Z$358)/Z$359 -> 0.43277346 | AB49: =PERCENTRANK(AA$2:AA$356,AA49) -> 0.647 | AC49: 7.05 | AD49: =PERCENTRANK(AC$2:AC$356,AC49) -> 0.718 | AE49: =sum(AC49-AC$358)/AC$359 -> 0.51355013 | AF49: =sum(Q49,AA49,AE49) -> 2.4740101 | AG49: =PERCENTRANK(AF$2:AF$356,AF49) -> 0.893 | AH49: 18.34 | AI49: =PERCENTRANK(AH$2:AH$356,AH49) -> 0.528 | AJ49: =sum(AH49-AH$358)/AH$359 -> -0.023893725 | AK49: 95.52 | AL49: =PERCENTRANK(AK$2:AK$356,AK49) -> 0.602 | AM49: =sum(AK49-AK$358)/AK$359 -> 0.43815853 | AN49: =(AK49 * LOG(AH49 + 1)) / LOG(MAX(AH$2:AH$356) + 1) * 100 -> 7964.7587 | AO49: =sum(AN49-AN$358)/AN$359 -> 0.20089995 | AP49: =PERCENTRANK(AO$2:AO$356,AO49) -> 0.568 | AQ49: 18.67 | AR49: =PERCENTRANK(AQ$2:AQ$356,AQ49) -> 0.562 | AS49: =sum(AQ49-AQ$358)/AQ$359 -> 0.15930769 | AT49: 69.9 | AU49: =PERCENTRANK(AT$2:AT$356,AT49) -> 0.189 | AV49: =sum(AT49-AT$358)/AT$359 -> -0.78009315 | AW49: =(AT49 * LOG(AQ49 + 1)) / LOG(MAX(AQ$2:AQ$356) + 1) * 100 -> 6035.3713 | AX49: =sum(AW49-AW$358)/AW$359 -> -0.43555945 | AY49: =PERCENTRANK(AX$2:AX$356,AX49) -> 0.302 | AZ49: 9.21 | BA49: =PERCENTRANK(AZ$2:AZ$356,AZ49) -> 0.941 | BB49: =sum(AZ49-AZ$358)/AZ$359 -> 1.7285501 | BC49: 51.49 | BD49: =PERCENTRANK(BC$2:BC$356,BC49) -> 0.54 | BE49: =sum(BC49-BC$358)/BC$359 -> 0.10966989 | BF49: =(BC49 * LOG(AZ49 + 1)) / LOG(MAX(AZ$2:AZ$356) + 1) * 100 -> 4560.4364 | BG49: =sum(BF49-BF$358)/BF$359 -> 1.1354724 | BH49: =PERCENTRANK(BG$2:BG$356,BG49) -> 0.884 | BI49: 9.05 | BJ49: =PERCENTRANK(BI$2:BI$356,BI49) -> 0.709 | BK49: =sum(BI49-BI$358)/BI$359 -> 0.5534122 | BL49: 67.27 | BM49: =PERCENTRANK(BL$2:BL$356,BL49) -> 0.407 | BN49: =sum(BL49-BL$358)/BL$359 -> -0.17171917 | BO49: =(BL49 * LOG(BI49 + 1)) / LOG(MAX(BI$2:BI$356) + 1) * 100 -> 5652.9893 | BP49: =sum(BO49-BO$358)/BO$359 -> 0.21367927 | BQ49: =PERCENTRANK(BP$2:BP$356,BP49) -> 0.576 | BR49: =sum(AO49,AX49,BG49,BP49) -> 1.1144922 | BS49: =PERCENTRANK(BR$2:BR$356,BR49) -> 0.638
A50: 2024 | B50: D. Amoo-Mensah | C50: Detroit City | D50: {=INDEX( TP!C:C, MATCH( 1, (TP!A:A = A50) * (TP!B:B = C50), 0 ) )} -> 51.44 | E50: =sum(AF50,BR50) -> 1.7785681 | F50: =PERCENTRANK(E$2:E$356,E50) -> 0.664 | G50: 4.37 | H50: =PERCENTRANK(G$2:G$356,G50) -> 0.249 | I50: =sum(G50-G$358)/G$359 -> -0.70261074 | J50: =G50 * (2/(1+EXP(-7*(($D50/100)-0.5)))) -> 4.5900617 | K50: =PERCENTRANK(J$2:J$356,J50) -> 0.34 | L50: =sum(J50-J$358)/J$359 -> -0.49134264 | M50: 69.64 | N50: =PERCENTRANK(M$2:M$356,M50) -> 0.754 | O50: =sum(M50-M$358)/M$359 -> 0.64314286 | P50: =(M50 * LOG(J50 + 1)) / LOG(MAX(J$2:J$356) + 1) * 100 -> 5070.0687 | Q50: =sum(P50-P$358)/P$359 -> 0.032813488 | R50: =PERCENTRANK(Q$2:Q$356,Q50) -> 0.511 | S50: 4.81 | T50: =S50 * (2/(1+EXP(-7*(($D50/100)-0.5)))) -> 5.0522189 | U50: =PERCENTRANK(T$2:T$356,T50) -> 0.881 | V50: =sum(S50-S$358)/S$359 -> 0.89211627 | W50: 58.92 | X50: =PERCENTRANK(W$2:W$356,W50) -> 0.466 | Y50: =sum(W50-W$358)/W$359 -> 0.027563103 | Z50: =(W50 * LOG(T50 + 1)) / LOG(MAX(T$2:T$356) + 1) * 100 -> 5128.8886 | AA50: =sum(Z50-Z$358)/Z$359 -> 0.67782427 | AB50: =PERCENTRANK(AA$2:AA$356,AA50) -> 0.734 | AC50: 6.7 | AD50: =PERCENTRANK(AC$2:AC$356,AC50) -> 0.619 | AE50: =sum(AC50-AC$358)/AC$359 -> 0.23328218 | AF50: =sum(Q50,AA50,AE50) -> 0.94391994 | AG50: =PERCENTRANK(AF$2:AF$356,AF50) -> 0.689 | AH50: 19 | AI50: =PERCENTRANK(AH$2:AH$356,AH50) -> 0.602 | AJ50: =sum(AH50-AH$358)/AH$359 -> 0.1035431 | AK50: 94.79 | AL50: =PERCENTRANK(AK$2:AK$356,AK50) -> 0.48 | AM50: =sum(AK50-AK$358)/AK$359 -> 0.22219599 | AN50: =(AK50 * LOG(AH50 + 1)) / LOG(MAX(AH$2:AH$356) + 1) * 100 -> 7993.4276 | AO50: =sum(AN50-AN$358)/AN$359 -> 0.23141966 | AP50: =PERCENTRANK(AO$2:AO$356,AO50) -> 0.585 | AQ50: 18.71 | AR50: =PERCENTRANK(AQ$2:AQ$356,AQ50) -> 0.573 | AS50: =sum(AQ50-AQ$358)/AQ$359 -> 0.17118821 | AT50: 77.47 | AU50: =PERCENTRANK(AT$2:AT$356,AT50) -> 0.686 | AV50: =sum(AT50-AT$358)/AT$359 -> 0.51271772 | AW50: =(AT50 * LOG(AQ50 + 1)) / LOG(MAX(AQ$2:AQ$356) + 1) * 100 -> 6693.5486 | AX50: =sum(AW50-AW$358)/AW$359 -> 0.49328499 | AY50: =PERCENTRANK(AX$2:AX$356,AX50) -> 0.692 | AZ50: 5.75 | BA50: =PERCENTRANK(AZ$2:AZ$356,AZ50) -> 0.489 | BB50: =sum(AZ50-AZ$358)/AZ$359 -> -0.09561143 | BC50: 53.39 | BD50: =PERCENTRANK(BC$2:BC$356,BC50) -> 0.613 | BE50: =sum(BC50-BC$358)/BC$359 -> 0.3695411 | BF50: =(BC50 * LOG(AZ50 + 1)) / LOG(MAX(AZ$2:AZ$356) + 1) * 100 -> 3886.4656 | BG50: =sum(BF50-BF$358)/BF$359 -> 0.26981982 | BH50: =PERCENTRANK(BG$2:BG$356,BG50) -> 0.579 | BI50: 8.69 | BJ50: =PERCENTRANK(BI$2:BI$356,BI50) -> 0.63 | BK50: =sum(BI50-BI$358)/BI$359 -> 0.35231445 | BL50: 64.37 | BM50: =PERCENTRANK(BL$2:BL$356,BL50) -> 0.257 | BN50: =sum(BL50-BL$358)/BL$359 -> -0.61211798 | BO50: =(BL50 * LOG(BI50 + 1)) / LOG(MAX(BI$2:BI$356) + 1) * 100 -> 5323.7795 | BP50: =sum(BO50-BO$358)/BO$359 -> -0.15987632 | BQ50: =PERCENTRANK(BP$2:BP$356,BP50) -> 0.444 | BR50: =sum(AO50,AX50,BG50,BP50) -> 0.83464815 | BS50: =PERCENTRANK(BR$2:BR$356,BR50) -> 0.599
A51: 2025 | B51: M. Bryant | C51: Detroit City | D51: {=INDEX( TP!C:C, MATCH( 1, (TP!A:A = A51) * (TP!B:B = C51), 0 ) )} -> 52.57 | E51: =sum(AF51,BR51) -> 3.0060006 | F51: =PERCENTRANK(E$2:E$356,E51) -> 0.785 | G51: 3.16 | H51: =PERCENTRANK(G$2:G$356,G51) -> 0.031 | I51: =sum(G51-G$358)/G$359 -> -1.5771079 | J51: =G51 * (2/(1+EXP(-7*(($D51/100)-0.5)))) -> 3.4434779 | K51: =PERCENTRANK(J$2:J$356,J51) -> 0.093 | L51: =sum(J51-J$358)/J$359 -> -1.2872472 | M51: 63.46 | N51: =PERCENTRANK(M$2:M$356,M51) -> 0.328 | O51: =sum(M51-M$358)/M$359 -> -0.43709962 | P51: =(M51 * LOG(J51 + 1)) / LOG(MAX(J$2:J$356) + 1) * 100 -> 4003.8863 | Q51: =sum(P51-P$358)/P$359 -> -1.3076437 | R51: =PERCENTRANK(Q$2:Q$356,Q51) -> 0.076 | S51: 3.77 | T51: =S51 * (2/(1+EXP(-7*(($D51/100)-0.5)))) -> 4.1081999 | U51: =PERCENTRANK(T$2:T$356,T51) -> 0.636 | V51: =sum(S51-S$358)/S$359 -> -0.027473106 | W51: 62.9 | X51: =PERCENTRANK(W$2:W$356,W51) -> 0.672 | Y51: =sum(W51-W$358)/W$359 -> 0.48438315 | Z51: =(W51 * LOG(T51 + 1)) / LOG(MAX(T$2:T$356) + 1) * 100 -> 4959.6312 | AA51: =sum(Z51-Z$358)/Z$359 -> 0.52297079 | AB51: =PERCENTRANK(AA$2:AA$356,AA51) -> 0.686 | AC51: 5.88 | AD51: =PERCENTRANK(AC$2:AC$356,AC51) -> 0.362 | AE51: =sum(AC51-AC$358)/AC$359 -> -0.42334558 | AF51: =sum(Q51,AA51,AE51) -> -1.2080185 | AG51: =PERCENTRANK(AF$2:AF$356,AF51) -> 0.251 | AH51: 16.64 | AI51: =PERCENTRANK(AH$2:AH$356,AH51) -> 0.384 | AJ51: =sum(AH51-AH$358)/AH$359 -> -0.35214009 | AK51: 96.16 | AL51: =PERCENTRANK(AK$2:AK$356,AK51) -> 0.734 | AM51: =sum(AK51-AK$358)/AK$359 -> 0.62749555 | AN51: =(AK51 * LOG(AH51 + 1)) / LOG(MAX(AH$2:AH$356) + 1) * 100 -> 7769.0775 | AO51: =sum(AN51-AN$358)/AN$359 -> -0.0074138502 | AP51: =PERCENTRANK(AO$2:AO$356,AO51) -> 0.486 | AQ51: 20.74 | AR51: =PERCENTRANK(AQ$2:AQ$356,AQ51) -> 0.791 | AS51: =sum(AQ51-AQ$358)/AQ$359 -> 0.77412445 | AT51: 80.21 | AU51: =PERCENTRANK(AT$2:AT$356,AT51) -> 0.833 | AV51: =sum(AT51-AT$358)/AT$359 -> 0.98065719 | AW51: =(AT51 * LOG(AQ51 + 1)) / LOG(MAX(AQ$2:AQ$356) + 1) * 100 -> 7158.1769 | AX51: =sum(AW51-AW$358)/AW$359 -> 1.1489857 | AY51: =PERCENTRANK(AX$2:AX$356,AX51) -> 0.876 | AZ51: 6.63 | BA51: =PERCENTRANK(AZ$2:AZ$356,AZ51) -> 0.678 | BB51: =sum(AZ51-AZ$358)/AZ$359 -> 0.36833717 | BC51: 60.55 | BD51: =PERCENTRANK(BC$2:BC$356,BC51) -> 0.927 | BE51: =sum(BC51-BC$358)/BC$359 -> 1.3488453 | BF51: =(BC51 * LOG(AZ51 + 1)) / LOG(MAX(AZ$2:AZ$356) + 1) * 100 -> 4690.533 | BG51: =sum(BF51-BF$358)/BF$359 -> 1.3025694 | BH51: =PERCENTRANK(BG$2:BG$356,BG51) -> 0.912 | BI51: 9.37 | BJ51: =PERCENTRANK(BI$2:BI$356,BI51) -> 0.763 | BK51: =sum(BI51-BI$358)/BI$359 -> 0.73216576 | BL51: 82.47 | BM51: =PERCENTRANK(BL$2:BL$356,BL51) -> 0.997 | BN51: =sum(BL51-BL$358)/BL$359 -> 2.136578 | BO51: =(BL51 * LOG(BI51 + 1)) / LOG(MAX(BI$2:BI$356) + 1) * 100 -> 7024.4474 | BP51: =sum(BO51-BO$358)/BO$359 -> 1.7698777 | BQ51: =PERCENTRANK(BP$2:BP$356,BP51) -> 0.966 | BR51: =sum(AO51,AX51,BG51,BP51) -> 4.214019 | BS51: =PERCENTRANK(BR$2:BR$356,BR51) -> 0.929
A52: 2025 | B52: D. Amoo-Mensah | C52: Detroit City | D52: {=INDEX( TP!C:C, MATCH( 1, (TP!A:A = A52) * (TP!B:B = C52), 0 ) )} -> 52.57 | E52: =sum(AF52,BR52) -> 1.4624581 | F52: =PERCENTRANK(E$2:E$356,E52) -> 0.63 | G52: 3.05 | H52: =PERCENTRANK(G$2:G$356,G52) -> 0.017 | I52: =sum(G52-G$358)/G$359 -> -1.6566076 | J52: =G52 * (2/(1+EXP(-7*(($D52/100)-0.5)))) -> 3.32361 | K52: =PERCENTRANK(J$2:J$356,J52) -> 0.062 | L52: =sum(J52-J$358)/J$359 -> -1.3704539 | M52: 70.3 | N52: =PERCENTRANK(M$2:M$356,M52) -> 0.799 | O52: =sum(M52-M$358)/M$359 -> 0.75850856 | P52: =(M52 * LOG(J52 + 1)) / LOG(MAX(J$2:J$356) + 1) * 100 -> 4354.1156 | Q52: =sum(P52-P$358)/P$359 -> -0.86731812 | R52: =PERCENTRANK(Q$2:Q$356,Q52) -> 0.169 | S52: 5.97 | T52: =S52 * (2/(1+EXP(-7*(($D52/100)-0.5)))) -> 6.5055579 | U52: =PERCENTRANK(T$2:T$356,T52) -> 0.986 | V52: =sum(S52-S$358)/S$359 -> 1.9178121 | W52: 61.11 | X52: =PERCENTRANK(W$2:W$356,W52) -> 0.588 | Y52: =sum(W52-W$358)/W$359 -> 0.27892891 | Z52: =(W52 * LOG(T52 + 1)) / LOG(MAX(T$2:T$356) + 1) * 100 -> 5955.4087 | AA52: =sum(Z52-Z$358)/Z$359 -> 1.4340069 | AB52: =PERCENTRANK(AA$2:AA$356,AA52) -> 0.929 | AC52: 5.97 | AD52: =PERCENTRANK(AC$2:AC$356,AC52) -> 0.398 | AE52: =sum(AC52-AC$358)/AC$359 -> -0.35127668 | AF52: =sum(Q52,AA52,AE52) -> 0.21541207 | AG52: =PERCENTRANK(AF$2:AF$356,AF52) -> 0.528 | AH52: 15.54 | AI52: =PERCENTRANK(AH$2:AH$356,AH52) -> 0.268 | AJ52: =sum(AH52-AH$358)/AH$359 -> -0.5645348 | AK52: 93.98 | AL52: =PERCENTRANK(AK$2:AK$356,AK52) -> 0.395 | AM52: =sum(AK52-AK$358)/AK$359 -> -0.017433673 | AN52: =(AK52 * LOG(AH52 + 1)) / LOG(MAX(AH$2:AH$356) + 1) * 100 -> 7422.6134 | AO52: =sum(AN52-AN$358)/AN$359 -> -0.37624479 | AP52: =PERCENTRANK(AO$2:AO$356,AO52) -> 0.299 | AQ52: 21.51 | AR52: =PERCENTRANK(AQ$2:AQ$356,AQ52) -> 0.845 | AS52: =sum(AQ52-AQ$358)/AQ$359 -> 1.0028244 | AT52: 76.3 | AU52: =PERCENTRANK(AT$2:AT$356,AT52) -> 0.613 | AV52: =sum(AT52-AT$358)/AT$359 -> 0.31290415 | AW52: =(AT52 * LOG(AQ52 + 1)) / LOG(MAX(AQ$2:AQ$356) + 1) * 100 -> 6886.2064 | AX52: =sum(AW52-AW$358)/AW$359 -> 0.76517084 | AY52: =PERCENTRANK(AX$2:AX$356,AX52) -> 0.799 | AZ52: 6.25 | BA52: =PERCENTRANK(AZ$2:AZ$356,AZ52) -> 0.593 | BB52: =sum(AZ52-AZ$358)/AZ$359 -> 0.16799573 | BC52: 50.72 | BD52: =PERCENTRANK(BC$2:BC$356,BC52) -> 0.486 | BE52: =sum(BC52-BC$358)/BC$359 -> 0.0043536615 | BF52: =(BC52 * LOG(AZ52 + 1)) / LOG(MAX(AZ$2:AZ$356) + 1) * 100 -> 3830.272 | BG52: =sum(BF52-BF$358)/BF$359 -> 0.19764444 | BH52: =PERCENTRANK(BG$2:BG$356,BG52) -> 0.548 | BI52: 9.9 | BJ52: =PERCENTRANK(BI$2:BI$356,BI52) -> 0.845 | BK52: =sum(BI52-BI$358)/BI$359 -> 1.0282263 | BL52: 69.51 | BM52: =PERCENTRANK(BL$2:BL$356,BL52) -> 0.556 | BN52: =sum(BL52-BL$358)/BL$359 -> 0.16845094 | BO52: =(BL52 * LOG(BI52 + 1)) / LOG(MAX(BI$2:BI$356) + 1) * 100 -> 6046.7453 | BP52: =sum(BO52-BO$358)/BO$359 -> 0.66047552 | BQ52: =PERCENTRANK(BP$2:BP$356,BP52) -> 0.74 | BR52: =sum(AO52,AX52,BG52,BP52) -> 1.247046 | BS52: =PERCENTRANK(BR$2:BR$356,BR52) -> 0.655
A53: 2025 | B53: S. Wiedt | C53: Detroit City | D53: {=INDEX( TP!C:C, MATCH( 1, (TP!A:A = A53) * (TP!B:B = C53), 0 ) )} -> 52.57 | E53: =sum(AF53,BR53) -> 0.27351974 | F53: =PERCENTRANK(E$2:E$356,E53) -> 0.508 | G53: 5.15 | H53: =PERCENTRANK(G$2:G$356,G53) -> 0.472 | I53: =sum(G53-G$358)/G$359 -> -0.13888533 | J53: =G53 * (2/(1+EXP(-7*(($D53/100)-0.5)))) -> 5.6119972 | K53: =PERCENTRANK(J$2:J$356,J53) -> 0.635 | L53: =sum(J53-J$358)/J$359 -> 0.21803692 | M53: 73.73 | N53: =PERCENTRANK(M$2:M$356,M53) -> 0.907 | O53: =sum(M53-M$358)/M$359 -> 1.3580606 | P53: =(M53 * LOG(J53 + 1)) / LOG(MAX(J$2:J$356) + 1) * 100 -> 5891.5094 | Q53: =sum(P53-P$358)/P$359 -> 1.0655694 | R53: =PERCENTRANK(Q$2:Q$356,Q53) -> 0.845 | S53: 5.63 | T53: =S53 * (2/(1+EXP(-7*(($D53/100)-0.5)))) -> 6.1350571 | U53: =PERCENTRANK(T$2:T$356,T53) -> 0.963 | V53: =sum(S53-S$358)/S$359 -> 1.6171771 | W53: 62.02 | X53: =PERCENTRANK(W$2:W$356,W53) -> 0.627 | Y53: =sum(W53-W$358)/W$359 -> 0.38337771 | Z53: =(W53 * LOG(T53 + 1)) / LOG(MAX(T$2:T$356) + 1) * 100 -> 5892.2925 | AA53: =sum(Z53-Z$358)/Z$359 -> 1.3762619 | AB53: =PERCENTRANK(AA$2:AA$356,AA53) -> 0.915 | AC53: 5.94 | AD53: =PERCENTRANK(AC$2:AC$356,AC53) -> 0.379 | AE53: =sum(AC53-AC$358)/AC$359 -> -0.37529965 | AF53: =sum(Q53,AA53,AE53) -> 2.0665316 | AG53: =PERCENTRANK(AF$2:AF$356,AF53) -> 0.867 | AH53: 15.23 | AI53: =PERCENTRANK(AH$2:AH$356,AH53) -> 0.243 | AJ53: =sum(AH53-AH$358)/AH$359 -> -0.62439149 | AK53: 95.42 | AL53: =PERCENTRANK(AK$2:AK$356,AK53) -> 0.579 | AM53: =sum(AK53-AK$358)/AK$359 -> 0.40857462 | AN53: =(AK53 * LOG(AH53 + 1)) / LOG(MAX(AH$2:AH$356) + 1) * 100 -> 7485.5257 | AO53: =sum(AN53-AN$358)/AN$359 -> -0.30927108 | AP53: =PERCENTRANK(AO$2:AO$356,AO53) -> 0.331 | AQ53: 17.62 | AR53: =PERCENTRANK(AQ$2:AQ$356,AQ53) -> 0.435 | AS53: =sum(AQ53-AQ$358)/AQ$359 -> -0.15255588 | AT53: 71.29 | AU53: =PERCENTRANK(AT$2:AT$356,AT53) -> 0.266 | AV53: =sum(AT53-AT$358)/AT$359 -> -0.5427078 | AW53: =(AT53 * LOG(AQ53 + 1)) / LOG(MAX(AQ$2:AQ$356) + 1) * 100 -> 6042.04 | AX53: =sum(AW53-AW$358)/AW$359 -> -0.4261484 | AY53: =PERCENTRANK(AX$2:AX$356,AX53) -> 0.308 | AZ53: 5.8 | BA53: =PERCENTRANK(AZ$2:AZ$356,AZ53) -> 0.503 | BB53: =sum(AZ53-AZ$358)/AZ$359 -> -0.069250714 | BC53: 45.86 | BD53: =PERCENTRANK(BC$2:BC$356,BC53) -> 0.246 | BE53: =sum(BC53-BC$358)/BC$359 -> -0.66036955 | BF53: =(BC53 * LOG(AZ53 + 1)) / LOG(MAX(AZ$2:AZ$356) + 1) * 100 -> 3351.2298 | BG53: =sum(BF53-BF$358)/BF$359 -> -0.4176406 | BH53: =PERCENTRANK(BG$2:BG$356,BG53) -> 0.333 | BI53: 8.2 | BJ53: =PERCENTRANK(BI$2:BI$356,BI53) -> 0.548 | BK53: =sum(BI53-BI$358)/BI$359 -> 0.078598065 | BL53: 60.64 | BM53: =PERCENTRANK(BL$2:BL$356,BL53) -> 0.13 | BN53: =sum(BL53-BL$358)/BL$359 -> -1.178562 | BO53: =(BL53 * LOG(BI53 + 1)) / LOG(MAX(BI$2:BI$356) + 1) * 100 -> 4900.695 | BP53: =sum(BO53-BO$358)/BO$359 -> -0.63995179 | BQ53: =PERCENTRANK(BP$2:BP$356,BP53) -> 0.257 | BR53: =sum(AO53,AX53,BG53,BP53) -> -1.7930119 | BS53: =PERCENTRANK(BR$2:BR$356,BR53) -> 0.243
A54: 2025 | B54: S. Carroll | C54: Detroit City | D54: {=INDEX( TP!C:C, MATCH( 1, (TP!A:A = A54) * (TP!B:B = C54), 0 ) )} -> 52.57 | E54: =sum(AF54,BR54) -> -2.5096051 | F54: =PERCENTRANK(E$2:E$356,E54) -> 0.249 | G54: 4.04 | H54: =PERCENTRANK(G$2:G$356,G54) -> 0.161 | I54: =sum(G54-G$358)/G$359 -> -0.94110995 | J54: =G54 * (2/(1+EXP(-7*(($D54/100)-0.5)))) -> 4.4024211 | K54: =PERCENTRANK(J$2:J$356,J54) -> 0.278 | L54: =sum(J54-J$358)/J$359 -> -0.62159394 | M54: 67.12 | N54: =PERCENTRANK(M$2:M$356,M54) -> 0.596 | O54: =sum(M54-M$358)/M$359 -> 0.20265564 | P54: =(M54 * LOG(J54 + 1)) / LOG(MAX(J$2:J$356) + 1) * 100 -> 4789.6562 | Q54: =sum(P54-P$358)/P$359 -> -0.31973491 | R54: =PERCENTRANK(Q$2:Q$356,Q54) -> 0.353 | S54: 3.76 | T54: =S54 * (2/(1+EXP(-7*(($D54/100)-0.5)))) -> 4.0973028 | U54: =PERCENTRANK(T$2:T$356,T54) -> 0.633 | V54: =sum(S54-S$358)/S$359 -> -0.036315312 | W54: 55.88 | X54: =PERCENTRANK(W$2:W$356,W54) -> 0.353 | Y54: =sum(W54-W$358)/W$359 -> -0.32136477 | Z54: =(W54 * LOG(T54 + 1)) / LOG(MAX(T$2:T$356) + 1) * 100 -> 4400.3384 | AA54: =sum(Z54-Z$358)/Z$359 -> 0.011274187 | AB54: =PERCENTRANK(AA$2:AA$356,AA54) -> 0.508 | AC54: 5.53 | AD54: =PERCENTRANK(AC$2:AC$356,AC54) -> 0.251 | AE54: =sum(AC54-AC$358)/AC$359 -> -0.70361353 | AF54: =sum(Q54,AA54,AE54) -> -1.0120743 | AG54: =PERCENTRANK(AF$2:AF$356,AF54) -> 0.297 | AH54: 19.82 | AI54: =PERCENTRANK(AH$2:AH$356,AH54) -> 0.664 | AJ54: =sum(AH54-AH$358)/AH$359 -> 0.2618737 | AK54: 95.81 | AL54: =PERCENTRANK(AK$2:AK$356,AK54) -> 0.653 | AM54: =sum(AK54-AK$358)/AK$359 -> 0.52395187 | AN54: =(AK54 * LOG(AH54 + 1)) / LOG(MAX(AH$2:AH$356) + 1) * 100 -> 8187.8115 | AO54: =sum(AN54-AN$358)/AN$359 -> 0.43835252 | AP54: =PERCENTRANK(AO$2:AO$356,AO54) -> 0.664 | AQ54: 18.43 | AR54: =PERCENTRANK(AQ$2:AQ$356,AQ54) -> 0.542 | AS54: =sum(AQ54-AQ$358)/AQ$359 -> 0.088024592 | AT54: 61.86 | AU54: =PERCENTRANK(AT$2:AT$356,AT54) -> 0.025 | AV54: =sum(AT54-AT$358)/AT$359 -> -2.153171 | AW54: =(AT54 * LOG(AQ54 + 1)) / LOG(MAX(AQ$2:AQ$356) + 1) * 100 -> 5319.164 | AX54: =sum(AW54-AW$358)/AW$359 -> -1.446298 | AY54: =PERCENTRANK(AX$2:AX$356,AX54) -> 0.079 | AZ54: 9.19 | BA54: =PERCENTRANK(AZ$2:AZ$356,AZ54) -> 0.938 | BB54: =sum(AZ54-AZ$358)/AZ$359 -> 1.7180058 | BC54: 45.18 | BD54: =PERCENTRANK(BC$2:BC$356,BC54) -> 0.209 | BE54: =sum(BC54-BC$358)/BC$359 -> -0.75337608 | BF54: =(BC54 * LOG(AZ54 + 1)) / LOG(MAX(AZ$2:AZ$356) + 1) * 100 -> 3998.1866 | BG54: =sum(BF54-BF$358)/BF$359 -> 0.41331509 | BH54: =PERCENTRANK(BG$2:BG$356,BG54) -> 0.653 | BI54: 8.91 | BJ54: =PERCENTRANK(BI$2:BI$356,BI54) -> 0.678 | BK54: =sum(BI54-BI$358)/BI$359 -> 0.47520752 | BL54: 55.9 | BM54: =PERCENTRANK(BL$2:BL$356,BL54) -> 0.025 | BN54: =sum(BL54-BL$358)/BL$359 -> -1.8983862 | BO54: =(BL54 * LOG(BI54 + 1)) / LOG(MAX(BI$2:BI$356) + 1) * 100 -> 4668.9617 | BP54: =sum(BO54-BO$358)/BO$359 -> -0.90290046 | BQ54: =PERCENTRANK(BP$2:BP$356,BP54) -> 0.169 | BR54: =sum(AO54,AX54,BG54,BP54) -> -1.4975308 | BS54: =PERCENTRANK(BR$2:BR$356,BR54) -> 0.274
A55: 2022 | B55: Yuma | C55: El Paso Locomotive | D55: {=INDEX( TP!C:C, MATCH( 1, (TP!A:A = A55) * (TP!B:B = C55), 0 ) )} -> 59.23 | E55: =sum(AF55,BR55) -> 10.023759 | F55: =PERCENTRANK(E$2:E$356,E55) -> 1 | G55: 5.75 | H55: =PERCENTRANK(G$2:G$356,G55) -> 0.653 | I55: =sum(G55-G$358)/G$359 -> 0.2947496 | J55: =G55 * (2/(1+EXP(-7*(($D55/100)-0.5)))) -> 7.5455073 | K55: =PERCENTRANK(J$2:J$356,J55) -> 0.921 | L55: =sum(J55-J$358)/J$359 -> 1.5601888 | M55: 55.92 | N55: =PERCENTRANK(M$2:M$356,M55) -> 0.045 | O55: =sum(M55-M$358)/M$359 -> -1.7550654 | P55: =(M55 * LOG(J55 + 1)) / LOG(MAX(J$2:J$356) + 1) * 100 -> 5075.2009 | Q55: =sum(P55-P$358)/P$359 -> 0.039266001 | R55: =PERCENTRANK(Q$2:Q$356,Q55) -> 0.517 | S55: 2.57 | T55: =S55 * (2/(1+EXP(-7*(($D55/100)-0.5)))) -> 3.3725137 | U55: =PERCENTRANK(T$2:T$356,T55) -> 0.39 | V55: =sum(S55-S$358)/S$359 -> -1.0885378 | W55: 54.41 | X55: =PERCENTRANK(W$2:W$356,W55) -> 0.311 | Y55: =sum(W55-W$358)/W$359 -> -0.49008976 | Z55: =(W55 * LOG(T55 + 1)) / LOG(MAX(T$2:T$356) + 1) * 100 -> 3881.1084 | AA55: =sum(Z55-Z$358)/Z$359 -> -0.46376888 | AB55: =PERCENTRANK(AA$2:AA$356,AA55) -> 0.333 | AC55: 9.01 | AD55: =PERCENTRANK(AC$2:AC$356,AC55) -> 0.972 | AE55: =sum(AC55-AC$358)/AC$359 -> 2.0830507 | AF55: =sum(Q55,AA55,AE55) -> 1.6585478 | AG55: =PERCENTRANK(AF$2:AF$356,AF55) -> 0.819 | AH55: 27.4 | AI55: =PERCENTRANK(AH$2:AH$356,AH55) -> 0.932 | AJ55: =sum(AH55-AH$358)/AH$359 -> 1.7254663 | AK55: 97.51 | AL55: =PERCENTRANK(AK$2:AK$356,AK55) -> 0.938 | AM55: =sum(AK55-AK$358)/AK$359 -> 1.0268783 | AN55: =(AK55 * LOG(AH55 + 1)) / LOG(MAX(AH$2:AH$356) + 1) * 100 -> 9185.2953 | AO55: =sum(AN55-AN$358)/AN$359 -> 1.5002312 | AP55: =PERCENTRANK(AO$2:AO$356,AO55) -> 0.955 | AQ55: 28.8 | AR55: =PERCENTRANK(AQ$2:AQ$356,AQ55) -> 0.997 | AS55: =sum(AQ55-AQ$358)/AQ$359 -> 3.1680486 | AT55: 89.09 | AU55: =PERCENTRANK(AT$2:AT$356,AT55) -> 0.997 | AV55: =sum(AT55-AT$358)/AT$359 -> 2.4971909 | AW55: =(AT55 * LOG(AQ55 + 1)) / LOG(MAX(AQ$2:AQ$356) + 1) * 100 -> 8764.9282 | AX55: =sum(AW55-AW$358)/AW$359 -> 3.4164932 | AY55: =PERCENTRANK(AX$2:AX$356,AX55) -> 1 | AZ55: 4.88 | BA55: =PERCENTRANK(AZ$2:AZ$356,AZ55) -> 0.305 | BB55: =sum(AZ55-AZ$358)/AZ$359 -> -0.55428788 | BC55: 72.09 | BD55: =PERCENTRANK(BC$2:BC$356,BC55) -> 1 | BE55: =sum(BC55-BC$358)/BC$359 -> 2.9272209 | BF55: =(BC55 * LOG(AZ55 + 1)) / LOG(MAX(AZ$2:AZ$356) + 1) * 100 -> 4868.5056 | BG55: =sum(BF55-BF$358)/BF$359 -> 1.5311585 | BH55: =PERCENTRANK(BG$2:BG$356,BG55) -> 0.946 | BI55: 10.63 | BJ55: =PERCENTRANK(BI$2:BI$356,BI55) -> 0.927 | BK55: =sum(BI55-BI$358)/BI$359 -> 1.4360079 | BL55: 80.07 | BM55: =PERCENTRANK(BL$2:BL$356,BL55) -> 0.977 | BN55: =sum(BL55-BL$358)/BL$359 -> 1.77211 | BO55: =(BL55 * LOG(BI55 + 1)) / LOG(MAX(BI$2:BI$356) + 1) * 100 -> 7154.3934 | BP55: =sum(BO55-BO$358)/BO$359 -> 1.9173279 | BQ55: =PERCENTRANK(BP$2:BP$356,BP55) -> 0.972 | BR55: =sum(AO55,AX55,BG55,BP55) -> 8.3652108 | BS55: =PERCENTRANK(BR$2:BR$356,BR55) -> 1
A56: 2022 | B56: Ander Egiluz | C56: El Paso Locomotive | D56: {=INDEX( TP!C:C, MATCH( 1, (TP!A:A = A56) * (TP!B:B = C56), 0 ) )} -> 59.23 | E56: =sum(AF56,BR56) -> 9.9334209 | F56: =PERCENTRANK(E$2:E$356,E56) -> 0.997 | G56: 7.34 | H56: =PERCENTRANK(G$2:G$356,G56) -> 0.918 | I56: =sum(G56-G$358)/G$359 -> 1.4438822 | J56: =G56 * (2/(1+EXP(-7*(($D56/100)-0.5)))) -> 9.6320041 | K56: =PERCENTRANK(J$2:J$356,J56) -> 1 | L56: =sum(J56-J$358)/J$359 -> 3.0085368 | M56: 65.91 | N56: =PERCENTRANK(M$2:M$356,M56) -> 0.489 | O56: =sum(M56-M$358)/M$359 -> -0.0088481505 | P56: =(M56 * LOG(J56 + 1)) / LOG(MAX(J$2:J$356) + 1) * 100 -> 6591 | Q56: =sum(P56-P$358)/P$359 -> 1.9450036 | R56: =PERCENTRANK(Q$2:Q$356,Q56) -> 0.983 | S56: 5 | T56: =S56 * (2/(1+EXP(-7*(($D56/100)-0.5)))) -> 6.5613107 | U56: =PERCENTRANK(T$2:T$356,T56) -> 0.992 | V56: =sum(S56-S$358)/S$359 -> 1.0601182 | W56: 61.67 | X56: =PERCENTRANK(W$2:W$356,W56) -> 0.61 | Y56: =sum(W56-W$358)/W$359 -> 0.34320509 | Z56: =(W56 * LOG(T56 + 1)) / LOG(MAX(T$2:T$356) + 1) * 100 -> 6032.0495 | AA56: =sum(Z56-Z$358)/Z$359 -> 1.5041255 | AB56: =PERCENTRANK(AA$2:AA$356,AA56) -> 0.946 | AC56: 10.87 | AD56: =PERCENTRANK(AC$2:AC$356,AC56) -> 0.997 | AE56: =sum(AC56-AC$358)/AC$359 -> 3.5724746 | AF56: =sum(Q56,AA56,AE56) -> 7.0216037 | AG56: =PERCENTRANK(AF$2:AF$356,AF56) -> 1 | AH56: 28.53 | AI56: =PERCENTRANK(AH$2:AH$356,AH56) -> 0.955 | AJ56: =sum(AH56-AH$358)/AH$359 -> 1.9436536 | AK56: 95.03 | AL56: =PERCENTRANK(AK$2:AK$356,AK56) -> 0.514 | AM56: =sum(AK56-AK$358)/AK$359 -> 0.29319738 | AN56: =(AK56 * LOG(AH56 + 1)) / LOG(MAX(AH$2:AH$356) + 1) * 100 -> 9056.056 | AO56: =sum(AN56-AN$358)/AN$359 -> 1.3626486 | AP56: =PERCENTRANK(AO$2:AO$356,AO56) -> 0.927 | AQ56: 21.52 | AR56: =PERCENTRANK(AQ$2:AQ$356,AQ56) -> 0.847 | AS56: =sum(AQ56-AQ$358)/AQ$359 -> 1.0057945 | AT56: 81.4 | AU56: =PERCENTRANK(AT$2:AT$356,AT56) -> 0.893 | AV56: =sum(AT56-AT$358)/AT$359 -> 1.1838864 | AW56: =(AT56 * LOG(AQ56 + 1)) / LOG(MAX(AQ$2:AQ$356) + 1) * 100 -> 7347.5381 | AX56: =sum(AW56-AW$358)/AW$359 -> 1.4162192 | AY56: =PERCENTRANK(AX$2:AX$356,AX56) -> 0.927 | AZ56: 4.17 | BA56: =PERCENTRANK(AZ$2:AZ$356,AZ56) -> 0.192 | BB56: =sum(AZ56-AZ$358)/AZ$359 -> -0.92861005 | BC56: 54 | BD56: =PERCENTRANK(BC$2:BC$356,BC56) -> 0.644 | BE56: =sum(BC56-BC$358)/BC$359 -> 0.45297344 | BF56: =(BC56 * LOG(AZ56 + 1)) / LOG(MAX(AZ$2:AZ$356) + 1) * 100 -> 3381.9193 | BG56: =sum(BF56-BF$358)/BF$359 -> -0.37822272 | BH56: =PERCENTRANK(BG$2:BG$356,BG56) -> 0.347 | BI56: 9.18 | BJ56: =PERCENTRANK(BI$2:BI$356,BI56) -> 0.72 | BK56: =sum(BI56-BI$358)/BI$359 -> 0.62603084 | BL56: 70 | BM56: =PERCENTRANK(BL$2:BL$356,BL56) -> 0.585 | BN56: =sum(BL56-BL$358)/BL$359 -> 0.24286315 | BO56: =(BL56 * LOG(BI56 + 1)) / LOG(MAX(BI$2:BI$356) + 1) * 100 -> 5915.166 | BP56: =sum(BO56-BO$358)/BO$359 -> 0.51117206 | BQ56: =PERCENTRANK(BP$2:BP$356,BP56) -> 0.678 | BR56: =sum(AO56,AX56,BG56,BP56) -> 2.9118172 | BS56: =PERCENTRANK(BR$2:BR$356,BR56) -> 0.839
A57: 2022 | B57: A. Fox | C57: El Paso Locomotive | D57: {=INDEX( TP!C:C, MATCH( 1, (TP!A:A = A57) * (TP!B:B = C57), 0 ) )} -> 59.23 | E57: =sum(AF57,BR57) -> 6.6896522 | F57: =PERCENTRANK(E$2:E$356,E57) -> 0.98 | G57: 5.53 | H57: =PERCENTRANK(G$2:G$356,G57) -> 0.596 | I57: =sum(G57-G$358)/G$359 -> 0.13575013 | J57: =G57 * (2/(1+EXP(-7*(($D57/100)-0.5)))) -> 7.2568096 | K57: =PERCENTRANK(J$2:J$356,J57) -> 0.895 | L57: =sum(J57-J$358)/J$359 -> 1.3597884 | M57: 61.11 | N57: =PERCENTRANK(M$2:M$356,M57) -> 0.189 | O57: =sum(M57-M$358)/M$359 -> -0.84787143 | P57: =(M57 * LOG(J57 + 1)) / LOG(MAX(J$2:J$356) + 1) * 100 -> 5457.3906 | Q57: =sum(P57-P$358)/P$359 -> 0.5197738 | R57: =PERCENTRANK(Q$2:Q$356,Q57) -> 0.723 | S57: 3.65 | T57: =S57 * (2/(1+EXP(-7*(($D57/100)-0.5)))) -> 4.7897568 | U57: =PERCENTRANK(T$2:T$356,T57) -> 0.839 | V57: =sum(S57-S$358)/S$359 -> -0.13357957 | W57: 58.82 | X57: =PERCENTRANK(W$2:W$356,W57) -> 0.455 | Y57: =sum(W57-W$358)/W$359 -> 0.016085213 | Z57: =(W57 * LOG(T57 + 1)) / LOG(MAX(T$2:T$356) + 1) * 100 -> 4994.1015 | AA57: =sum(Z57-Z$358)/Z$359 -> 0.55450762 | AB57: =PERCENTRANK(AA$2:AA$356,AA57) -> 0.701 | AC57: 6.64 | AD57: =PERCENTRANK(AC$2:AC$356,AC57) -> 0.605 | AE57: =sum(AC57-AC$358)/AC$359 -> 0.18523625 | AF57: =sum(Q57,AA57,AE57) -> 1.2595177 | AG57: =PERCENTRANK(AF$2:AF$356,AF57) -> 0.749 | AH57: 19.34 | AI57: =PERCENTRANK(AH$2:AH$356,AH57) -> 0.633 | AJ57: =sum(AH57-AH$358)/AH$359 -> 0.16919237 | AK57: 92.7 | AL57: =PERCENTRANK(AK$2:AK$356,AK57) -> 0.237 | AM57: =sum(AK57-AK$358)/AK$359 -> -0.39610771 | AN57: =(AK57 * LOG(AH57 + 1)) / LOG(MAX(AH$2:AH$356) + 1) * 100 -> 7861.1702 | AO57: =sum(AN57-AN$358)/AN$359 -> 0.090624098 | AP57: =PERCENTRANK(AO$2:AO$356,AO57) -> 0.525 | AQ57: 28.21 | AR57: =PERCENTRANK(AQ$2:AQ$356,AQ57) -> 0.994 | AS57: =sum(AQ57-AQ$358)/AQ$359 -> 2.992811 | AT57: 77.37 | AU57: =PERCENTRANK(AT$2:AT$356,AT57) -> 0.678 | AV57: =sum(AT57-AT$358)/AT$359 -> 0.49563964 | AW57: =(AT57 * LOG(AQ57 + 1)) / LOG(MAX(AQ$2:AQ$356) + 1) * 100 -> 7567.0391 | AX57: =sum(AW57-AW$358)/AW$359 -> 1.7259873 | AY57: =PERCENTRANK(AX$2:AX$356,AX57) -> 0.969 | AZ57: 8.17 | BA57: =PERCENTRANK(AZ$2:AZ$356,AZ57) -> 0.887 | BB57: =sum(AZ57-AZ$358)/AZ$359 -> 1.1802472 | BC57: 50.75 | BD57: =PERCENTRANK(BC$2:BC$356,BC57) -> 0.489 | BE57: =sum(BC57-BC$358)/BC$359 -> 0.0084568912 | BF57: =(BC57 * LOG(AZ57 + 1)) / LOG(MAX(AZ$2:AZ$356) + 1) * 100 -> 4287.0553 | BG57: =sum(BF57-BF$358)/BF$359 -> 0.78433993 | BH57: =PERCENTRANK(BG$2:BG$356,BG57) -> 0.757 | BI57: 14.58 | BJ57: =PERCENTRANK(BI$2:BI$356,BI57) -> 1 | BK57: =sum(BI57-BI$358)/BI$359 -> 3.6424971 | BL57: 79.58 | BM57: =PERCENTRANK(BL$2:BL$356,BL57) -> 0.972 | BN57: =sum(BL57-BL$358)/BL$359 -> 1.6976978 | BO57: =(BL57 * LOG(BI57 + 1)) / LOG(MAX(BI$2:BI$356) + 1) * 100 -> 7958 | BP57: =sum(BO57-BO$358)/BO$359 -> 2.8291832 | BQ57: =PERCENTRANK(BP$2:BP$356,BP57) -> 1 | BR57: =sum(AO57,AX57,BG57,BP57) -> 5.4301345 | BS57: =PERCENTRANK(BR$2:BR$356,BR57) -> 0.98
... A94: 2024 | B94: T. Vancaeyezeele | C94: Hartford Athletic | D94: {=INDEX( TP!C:C, MATCH( 1, (TP!A:A = A94) * (TP!B:B = C94), 0 ) )} -> 48.96 | E94: =sum(AF94,BR94) -> -2.7000928 | F94: =PERCENTRANK(E$2:E$356,E94) -> 0.234 | G94: 5.84 | H94: =PERCENTRANK(G$2:G$356,G94) -> 0.675 | I94: =sum(G94-G$358)/G$359 -> 0.35979484 | J94: =G94 * (2/(1+EXP(-7*(($D94/100)-0.5)))) -> 5.6275178 | K94: =PERCENTRANK(J$2:J$356,J94) -> 0.637 | L94: =sum(J94-J$358)/J$359 -> 0.22881064 | M94: 67.15 | N94: =PERCENTRANK(M$2:M$356,M94) -> 0.599 | O94: =sum(M94-M$358)/M$359 -> 0.20789953 | P94: =(M94 * LOG(J94 + 1)) / LOG(MAX(J$2:J$356) + 1) * 100 -> 5372.3846 | Q94: =sum(P94-P$358)/P$359 -> 0.41290004 | R94: =PERCENTRANK(Q$2:Q$356,Q94) -> 0.689 | S94: 2.81 | T94: =S94 * (2/(1+EXP(-7*(($D94/100)-0.5)))) -> 2.7077612 | U94: =PERCENTRANK(T$2:T$356,T94) -> 0.186 | V94: =sum(S94-S$358)/S$359 -> -0.87632484 | W94: 53.03 | X94: =PERCENTRANK(W$2:W$356,W94) -> 0.274 | Y94: =sum(W94-W$358)/W$359 -> -0.64848465 | Z94: =(W94 * LOG(T94 + 1)) / LOG(MAX(T$2:T$356) + 1) * 100 -> 3359.8537 | AA94: =sum(Z94-Z$358)/Z$359 -> -0.9406644 | AB94: =PERCENTRANK(AA$2:AA$356,AA94) -> 0.189 | AC94: 5.58 | AD94: =PERCENTRANK(AC$2:AC$356,AC94) -> 0.263 | AE94: =sum(AC94-AC$358)/AC$359 -> -0.66357525 | AF94: =sum(Q94,AA94,AE94) -> -1.1913396 | AG94: =PERCENTRANK(AF$2:AF$356,AF94) -> 0.257 | AH94: 15.04 | AI94: =PERCENTRANK(AH$2:AH$356,AH94) -> 0.226 | AJ94: =sum(AH94-AH$358)/AH$359 -> -0.66107785 | AK94: 94.33 | AL94: =PERCENTRANK(AK$2:AK$356,AK94) -> 0.435 | AM94: =sum(AK94-AK$358)/AK$359 -> 0.08611001 | AN94: =(AK94 * LOG(AH94 + 1)) / LOG(MAX(AH$2:AH$356) + 1) * 100 -> 7368.7486 | AO94: =sum(AN94-AN$358)/AN$359 -> -0.43358691 | AP94: =PERCENTRANK(AO$2:AO$356,AO94) -> 0.28 | AQ94: 14.19 | AR94: =PERCENTRANK(AQ$2:AQ$356,AQ94) -> 0.124 | AS94: =sum(AQ94-AQ$358)/AQ$359 -> -1.1713102 | AT94: 73.57 | AU94: =PERCENTRANK(AT$2:AT$356,AT94) -> 0.407 | AV94: =sum(AT94-AT$358)/AT$359 -> -0.15332751 | AW94: =(AT94 * LOG(AQ94 + 1)) / LOG(MAX(AQ$2:AQ$356) + 1) * 100 -> 5801.1477 | AX94: =sum(AW94-AW$358)/AW$359 -> -0.7661045 | AY94: =PERCENTRANK(AX$2:AX$356,AX94) -> 0.198 | AZ94: 5.11 | BA94: =PERCENTRANK(AZ$2:AZ$356,AZ94) -> 0.373 | BB94: =sum(AZ94-AZ$358)/AZ$359 -> -0.43302859 | BC94: 58.33 | BD94: =PERCENTRANK(BC$2:BC$356,BC94) -> 0.873 | BE94: =sum(BC94-BC$358)/BC$359 -> 1.0452063 | BF94: =(BC94 * LOG(AZ94 + 1)) / LOG(MAX(AZ$2:AZ$356) + 1) * 100 -> 4024.5614 | BG94: =sum(BF94-BF$358)/BF$359 -> 0.44719099 | BH94: =PERCENTRANK(BG$2:BG$356,BG94) -> 0.667 | BI94: 5.97 | BJ94: =PERCENTRANK(BI$2:BI$356,BI94) -> 0.107 | BK94: =sum(BI94-BI$358)/BI$359 -> -1.1670908 | BL94: 67.86 | BM94: =PERCENTRANK(BL$2:BL$356,BL94) -> 0.429 | BN94: =sum(BL94-BL$358)/BL$359 -> -0.082120795 | BO94: =(BL94 * LOG(BI94 + 1)) / LOG(MAX(BI$2:BI$356) + 1) * 100 -> 4798.2004 | BP94: =sum(BO94-BO$358)/BO$359 -> -0.75625281 | BQ94: =PERCENTRANK(BP$2:BP$356,BP94) -> 0.209 | BR94: =sum(AO94,AX94,BG94,BP94) -> -1.5087532 | BS94: =PERCENTRANK(BR$2:BR$356,BR94) -> 0.271
A95: 2024 | B95: J. Scarlett | C95: Hartford Athletic | D95: {=INDEX( TP!C:C, MATCH( 1, (TP!A:A = A95) * (TP!B:B = C95), 0 ) )} -> 48.96 | E95: =sum(AF95+BR95) -> -3.594069 | F95: =PERCENTRANK(E$2:E$356,E95) -> 0.178 | G95: 4.74 | H95: =PERCENTRANK(G$2:G$356,G95) -> 0.345 | I95: =sum(G95-G$358)/G$359 -> -0.43520253 | J95: =G95 * (2/(1+EXP(-7*(($D95/100)-0.5)))) -> 4.5675402 | K95: =PERCENTRANK(J$2:J$356,J95) -> 0.329 | L95: =sum(J95-J$358)/J$359 -> -0.50697603 | M95: 65.41 | N95: =PERCENTRANK(M$2:M$356,M95) -> 0.441 | O95: =sum(M95-M$358)/M$359 -> -0.096246409 | P95: =(M95 * LOG(J95 + 1)) / LOG(MAX(J$2:J$356) + 1) * 100 -> 4750.9372 | Q95: =sum(P95-P$358)/P$359 -> -0.36841437 | R95: =PERCENTRANK(Q$2:Q$356,Q95) -> 0.333 | S95: 2.67 | T95: =S95 * (2/(1+EXP(-7*(($D95/100)-0.5)))) -> 2.5728549 | U95: =PERCENTRANK(T$2:T$356,T95) -> 0.15 | V95: =sum(S95-S$358)/S$359 -> -1.0001157 | W95: 62.67 | X95: =PERCENTRANK(W$2:W$356,W95) -> 0.664 | Y95: =sum(W95-W$358)/W$359 -> 0.457984 | Z95: =(W95 * LOG(T95 + 1)) / LOG(MAX(T$2:T$356) + 1) * 100 -> 3858.3187 | AA95: =sum(Z95-Z$358)/Z$359 -> -0.4846192 | AB95: =PERCENTRANK(AA$2:AA$356,AA95) -> 0.325 | AC95: 5.5 | AD95: =PERCENTRANK(AC$2:AC$356,AC95) -> 0.243 | AE95: =sum(AC95-AC$358)/AC$359 -> -0.7276365 | AF95: =sum(Q95,AA95,AE95) -> -1.5806701 | AG95: =PERCENTRANK(AF$2:AF$356,AF95) -> 0.203 | AH95: 20.66 | AI95: =PERCENTRANK(AH$2:AH$356,AH95) -> 0.703 | AJ95: =sum(AH95-AH$358)/AH$359 -> 0.42406602 | AK95: 95.52 | AL95: =PERCENTRANK(AK$2:AK$356,AK95) -> 0.602 | AM95: =sum(AK95-AK$358)/AK$359 -> 0.43815853 | AN95: =(AK95 * LOG(AH95 + 1)) / LOG(MAX(AH$2:AH$356) + 1) * 100 -> 8269.3799 | AO95: =sum(AN95-AN$358)/AN$359 -> 0.5251867 | AP95: =PERCENTRANK(AO$2:AO$356,AO95) -> 0.703 | AQ95: 15.31 | AR95: =PERCENTRANK(AQ$2:AQ$356,AQ95) -> 0.192 | AS95: =sum(AQ95-AQ$358)/AQ$359 -> -0.83865574 | AT95: 71.4 | AU95: =PERCENTRANK(AT$2:AT$356,AT95) -> 0.274 | AV95: =sum(AT95-AT$358)/AT$359 -> -0.52392191 | AW95: =(AT95 * LOG(AQ95 + 1)) / LOG(MAX(AQ$2:AQ$356) + 1) * 100 -> 5777.2568 | AX95: =sum(AW95-AW$358)/AW$359 -> -0.79982021 | AY95: =PERCENTRANK(AX$2:AX$356,AX95) -> 0.181 | AZ95: 6.23 | BA95: =PERCENTRANK(AZ$2:AZ$356,AZ95) -> 0.588 | BB95: =sum(AZ95-AZ$358)/AZ$359 -> 0.15745144 | BC95: 44 | BD95: =PERCENTRANK(BC$2:BC$356,BC95) -> 0.164 | BE95: =sum(BC95-BC$358)/BC$359 -> -0.91476978 | BF95: =(BC95 * LOG(AZ95 + 1)) / LOG(MAX(AZ$2:AZ$356) + 1) * 100 -> 3318.1577 | BG95: =sum(BF95-BF$358)/BF$359 -> -0.46011862 | BH95: =PERCENTRANK(BG$2:BG$356,BG95) -> 0.311 | BI95: 6.2 | BJ95: =PERCENTRANK(BI$2:BI$356,BI95) -> 0.133 | BK95: =sum(BI95-BI$358)/BI$359 -> -1.0386117 | BL95: 60.34 | BM95: =PERCENTRANK(BL$2:BL$356,BL95) -> 0.113 | BN95: =sum(BL95-BL$358)/BL$359 -> -1.2241205 | BO95: =(BL95 * LOG(BI95 + 1)) / LOG(MAX(BI$2:BI$356) + 1) * 100 -> 4337.8211 | BP95: =sum(BO95-BO$358)/BO$359 -> -1.2786468 | BQ95: =PERCENTRANK(BP$2:BP$356,BP95) -> 0.102 | BR95: =sum(AO95,AX95,BG95,BP95) -> -2.013399 | BS95: =PERCENTRANK(BR$2:BR$356,BR95) -> 0.229
A96: 2025 | B96: A. Diz | C96: Hartford Athletic | D96: {=INDEX( TP!C:C, MATCH( 1, (TP!A:A = A96) * (TP!B:B = C96), 0 ) )} -> 45.2 | E96: =sum(AF96,BR96) -> 2.7669565 | F96: =PERCENTRANK(E$2:E$356,E96) -> 0.766 | G96: 5.87 | H96: =PERCENTRANK(G$2:G$356,G96) -> 0.686 | I96: =sum(G96-G$358)/G$359 -> 0.38147659 | J96: =G96 * (2/(1+EXP(-7*(($D96/100)-0.5)))) -> 4.8930142 | K96: =PERCENTRANK(J$2:J$356,J96) -> 0.411 | L96: =sum(J96-J$358)/J$359 -> -0.28104723 | M96: 70.37 | N96: =PERCENTRANK(M$2:M$356,M96) -> 0.805 | O96: =sum(M96-M$358)/M$359 -> 0.77074432 | P96: =(M96 * LOG(J96 + 1)) / LOG(MAX(J$2:J$356) + 1) * 100 -> 5280.3283 | Q96: =sum(P96-P$358)/P$359 -> 0.29716228 | R96: =PERCENTRANK(Q$2:Q$356,Q96) -> 0.619 | S96: 5.87 | T96: =S96 * (2/(1+EXP(-7*(($D96/100)-0.5)))) -> 4.8930142 | U96: =PERCENTRANK(T$2:T$356,T96) -> 0.856 | V96: =sum(S96-S$358)/S$359 -> 1.8293901 | W96: 66.67 | X96: =PERCENTRANK(W$2:W$356,W96) -> 0.814 | Y96: =sum(W96-W$358)/W$359 -> 0.91709962 | Z96: =(W96 * LOG(T96 + 1)) / LOG(MAX(T$2:T$356) + 1) * 100 -> 5717.5857 | AA96: =sum(Z96-Z$358)/Z$359 -> 1.2164227 | AB96: =PERCENTRANK(AA$2:AA$356,AA96) -> 0.87 | AC96: 7.7 | AD96: =PERCENTRANK(AC$2:AC$356,AC96) -> 0.856 | AE96: =sum(AC96-AC$358)/AC$359 -> 1.0340478 | AF96: =sum(Q96,AA96,AE96) -> 2.5476328 | AG96: =PERCENTRANK(AF$2:AF$356,AF96) -> 0.901 | AH96: 13.53 | AI96: =PERCENTRANK(AH$2:AH$356,AH96) -> 0.13 | AJ96: =sum(AH96-AH$358)/AH$359 -> -0.95263786 | AK96: 87.15 | AL96: =PERCENTRANK(AK$2:AK$356,AK96) -> 0.048 | AM96: =sum(AK96-AK$358)/AK$359 -> -2.0380147 | AN96: =(AK96 * LOG(AH96 + 1)) / LOG(MAX(AH$2:AH$356) + 1) * 100 -> 6565.3214 | AO96: =sum(AN96-AN$358)/AN$359 -> -1.2888813 | AP96: =PERCENTRANK(AO$2:AO$356,AO96) -> 0.073 | AQ96: 20.98 | AR96: =PERCENTRANK(AQ$2:AQ$356,AQ96) -> 0.805 | AS96: =sum(AQ96-AQ$358)/AQ$359 -> 0.84540755 | AT96: 64.51 | AU96: =PERCENTRANK(AT$2:AT$356,AT96) -> 0.065 | AV96: =sum(AT96-AT$358)/AT$359 -> -1.7006018 | AW96: =(AT96 * LOG(AQ96 + 1)) / LOG(MAX(AQ$2:AQ$356) + 1) * 100 -> 5777.5901 | AX96: =sum(AW96-AW$358)/AW$359 -> -0.79934993 | AY96: =PERCENTRANK(AX$2:AX$356,AX96) -> 0.184 | AZ96: 11.68 | BA96: =PERCENTRANK(AZ$2:AZ$356,AZ96) -> 0.997 | BB96: =sum(AZ96-AZ$358)/AZ$359 -> 3.0307695 | BC96: 48.84 | BD96: =PERCENTRANK(BC$2:BC$356,BC96) -> 0.395 | BE96: =sum(BC96-BC$358)/BC$359 -> -0.25278206 | BF96: =(BC96 * LOG(AZ96 + 1)) / LOG(MAX(AZ$2:AZ$356) + 1) * 100 -> 4729.1096 | BG96: =sum(BF96-BF$358)/BF$359 -> 1.3521175 | BH96: =PERCENTRANK(BG$2:BG$356,BG96) -> 0.927 | BI96: 10.87 | BJ96: =PERCENTRANK(BI$2:BI$356,BI96) -> 0.946 | BK96: =sum(BI96-BI$358)/BI$359 -> 1.5700731 | BL96: 70 | BM96: =PERCENTRANK(BL$2:BL$356,BL96) -> 0.585 | BN96: =sum(BL96-BL$358)/BL$359 -> 0.24286315 | BO96: =(BL96 * LOG(BI96 + 1)) / LOG(MAX(BI$2:BI$356) + 1) * 100 -> 6306.6915 | BP96: =sum(BO96-BO$358)/BO$359 -> 0.95543747 | BQ96: =PERCENTRANK(BP$2:BP$356,BP96) -> 0.839 | BR96: =sum(AO96,AX96,BG96,BP96) -> 0.21932373 | BS96: =PERCENTRANK(BR$2:BR$356,BR96) -> 0.508
A97: 2025 | B97: J. Scarlett | C97: Hartford Athletic | D97: {=INDEX( TP!C:C, MATCH( 1, (TP!A:A = A97) * (TP!B:B = C97), 0 ) )} -> 45.2 | E97: =sum(AF97,BR97) -> -2.1090495 | F97: =PERCENTRANK(E$2:E$356,E97) -> 0.291 | G97: 4 | H97: =PERCENTRANK(G$2:G$356,G97) -> 0.147 | I97: =sum(G97-G$358)/G$359 -> -0.97001895 | J97: =G97 * (2/(1+EXP(-7*(($D97/100)-0.5)))) -> 3.3342516 | K97: =PERCENTRANK(J$2:J$356,J97) -> 0.068 | L97: =sum(J97-J$358)/J$359 -> -1.363067 | M97: 69.16 | N97: =PERCENTRANK(M$2:M$356,M97) -> 0.72 | O97: =sum(M97-M$358)/M$359 -> 0.55924053 | P97: =(M97 * LOG(J97 + 1)) / LOG(MAX(J$2:J$356) + 1) * 100 -> 4290.7005 | Q97: =sum(P97-P$358)/P$359 -> -0.94704674 | R97: =PERCENTRANK(Q$2:Q$356,Q97) -> 0.133 | S97: 2.88 | T97: =S97 * (2/(1+EXP(-7*(($D97/100)-0.5)))) -> 2.4006612 | U97: =PERCENTRANK(T$2:T$356,T97) -> 0.116 | V97: =sum(S97-S$358)/S$359 -> -0.8144294 | W97: 61.04 | X97: =PERCENTRANK(W$2:W$356,W97) -> 0.573 | Y97: =sum(W97-W$358)/W$359 -> 0.27089438 | Z97: =(W97 * LOG(T97 + 1)) / LOG(MAX(T$2:T$356) + 1) * 100 -> 3612.1914 | AA97: =sum(Z97-Z$358)/Z$359 -> -0.70980085 | AB97: =PERCENTRANK(AA$2:AA$356,AA97) -> 0.254 | AC97: 5.76 | AD97: =PERCENTRANK(AC$2:AC$356,AC97) -> 0.308 | AE97: =sum(AC97-AC$358)/AC$359 -> -0.51943745 | AF97: =sum(Q97,AA97,AE97) -> -2.176285 | AG97: =PERCENTRANK(AF$2:AF$356,AF97) -> 0.138 | AH97: 14.18 | AI97: =PERCENTRANK(AH$2:AH$356,AH97) -> 0.161 | AJ97: =sum(AH97-AH$358)/AH$359 -> -0.82713189 | AK97: 94.72 | AL97: =PERCENTRANK(AK$2:AK$356,AK97) -> 0.472 | AM97: =sum(AK97-AK$358)/AK$359 -> 0.20148726 | AN97: =(AK97 * LOG(AH97 + 1)) / LOG(MAX(AH$2:AH$356) + 1) * 100 -> 7252.2827 | AO97: =sum(AN97-AN$358)/AN$359 -> -0.55757154 | AP97: =PERCENTRANK(AO$2:AO$356,AO97) -> 0.22 | AQ97: 18.1 | AR97: =PERCENTRANK(AQ$2:AQ$356,AQ97) -> 0.489 | AS97: =sum(AQ97-AQ$358)/AQ$359 -> -0.0099896742 | AT97: 70.66 | AU97: =PERCENTRANK(AT$2:AT$356,AT97) -> 0.237 | AV97: =sum(AT97-AT$358)/AT$359 -> -0.65029972 | AW97: =(AT97 * LOG(AQ97 + 1)) / LOG(MAX(AQ$2:AQ$356) + 1) * 100 -> 6040.7697 | AX97: =sum(AW97-AW$358)/AW$359 -> -0.42794096 | AY97: =PERCENTRANK(AX$2:AX$356,AX97) -> 0.305 | AZ97: 8.3 | BA97: =PERCENTRANK(AZ$2:AZ$356,AZ97) -> 0.898 | BB97: =sum(AZ97-AZ$358)/AZ$359 -> 1.2487851 | BC97: 49.1 | BD97: =PERCENTRANK(BC$2:BC$356,BC97) -> 0.41 | BE97: =sum(BC97-BC$358)/BC$359 -> -0.21722074 | BF97: =(BC97 * LOG(AZ97 + 1)) / LOG(MAX(AZ$2:AZ$356) + 1) * 100 -> 4174.022 | BG97: =sum(BF97-BF$358)/BF$359 -> 0.63915921 | BH97: =PERCENTRANK(BG$2:BG$356,BG97) -> 0.718 | BI97: 7.93 | BJ97: =PERCENTRANK(BI$2:BI$356,BI97) -> 0.5 | BK97: =sum(BI97-BI$358)/BI$359 -> -0.072225249 | BL97: 73.11 | BM97: =PERCENTRANK(BL$2:BL$356,BL97) -> 0.76 | BN97: =sum(BL97-BL$358)/BL$359 -> 0.71515291 | BO97: =(BL97 * LOG(BI97 + 1)) / LOG(MAX(BI$2:BI$356) + 1) * 100 -> 5829.1671 | BP97: =sum(BO97-BO$358)/BO$359 -> 0.41358886 | BQ97: =PERCENTRANK(BP$2:BP$356,BP97) -> 0.636 | BR97: =sum(AO97,AX97,BG97,BP97) -> 0.067235568 | BS97: =PERCENTRANK(BR$2:BR$356,BR97) -> 0.48
A98: 2025 | B98: J. Farrell | C98: Hartford Athletic | D98: {=INDEX( TP!C:C, MATCH( 1, (TP!A:A = A98) * (TP!B:B = C98), 0 ) )} -> 45.2 | E98: =sum(AF98,BR98) -> -2.3818618 | F98: =PERCENTRANK(E$2:E$356,E98) -> 0.254 | G98: 3.24 | H98: =PERCENTRANK(G$2:G$356,G98) -> 0.051 | I98: =sum(G98-G$358)/G$359 -> -1.5192899 | J98: =G98 * (2/(1+EXP(-7*(($D98/100)-0.5)))) -> 2.7007438 | K98: =PERCENTRANK(J$2:J$356,J98) -> 0.014 | L98: =sum(J98-J$358)/J$359 -> -1.8028183 | M98: 75.64 | N98: =PERCENTRANK(M$2:M$356,M98) -> 0.955 | O98: =sum(M98-M$358)/M$359 -> 1.691922 | P98: =(M98 * LOG(J98 + 1)) / LOG(MAX(J$2:J$356) + 1) * 100 -> 4187.098 | Q98: =sum(P98-P$358)/P$359 -> -1.0773009 | R98: =PERCENTRANK(Q$2:Q$356,Q98) -> 0.105 | S98: 6.69 | T98: =S98 * (2/(1+EXP(-7*(($D98/100)-0.5)))) -> 5.5765358 | U98: =PERCENTRANK(T$2:T$356,T98) -> 0.929 | V98: =sum(S98-S$358)/S$359 -> 2.5544509 | W98: 51.55 | X98: =PERCENTRANK(W$2:W$356,W98) -> 0.218 | Y98: =sum(W98-W$358)/W$359 -> -0.81835743 | Z98: =(W98 * LOG(T98 + 1)) / LOG(MAX(T$2:T$356) + 1) * 100 -> 4694.4171 | AA98: =sum(Z98-Z$358)/Z$359 -> 0.28032659 | AB98: =PERCENTRANK(AA$2:AA$356,AA98) -> 0.605 | AC98: 6.91 | AD98: =PERCENTRANK(AC$2:AC$356,AC98) -> 0.672 | AE98: =sum(AC98-AC$358)/AC$359 -> 0.40144295 | AF98: =sum(Q98,AA98,AE98) -> -0.39553139 | AG98: =PERCENTRANK(AF$2:AF$356,AF98) -> 0.418 | AH98: 15.75 | AI98: =PERCENTRANK(AH$2:AH$356,AH98) -> 0.305 | AJ98: =sum(AH98-AH$358)/AH$359 -> -0.52398672 | AK98: 92.88 | AL98: =PERCENTRANK(AK$2:AK$356,AK98) -> 0.26 | AM98: =sum(AK98-AK$358)/AK$359 -> -0.34285668 | AN98: =(AK98 * LOG(AH98 + 1)) / LOG(MAX(AH$2:AH$356) + 1) * 100 -> 7368.7206 | AO98: =sum(AN98-AN$358)/AN$359 -> -0.43361672 | AP98: =PERCENTRANK(AO$2:AO$356,AO98) -> 0.277 | AQ98: 17.12 | AR98: =PERCENTRANK(AQ$2:AQ$356,AQ98) -> 0.387 | AS98: =sum(AQ98-AQ$358)/AQ$359 -> -0.30106234 | AT98: 65.05 | AU98: =PERCENTRANK(AT$2:AT$356,AT98) -> 0.076 | AV98: =sum(AT98-AT$358)/AT$359 -> -1.6083802 | AW98: =(AT98 * LOG(AQ98 + 1)) / LOG(MAX(AQ$2:AQ$356) + 1) * 100 -> 5461.8624 | AX98: =sum(AW98-AW$358)/AW$359 -> -1.2449166 | AY98: =PERCENTRANK(AX$2:AX$356,AX98) -> 0.099 | AZ98: 8.6 | BA98: =PERCENTRANK(AZ$2:AZ$356,AZ98) -> 0.907 | BB98: =sum(AZ98-AZ$358)/AZ$359 -> 1.4069494 | BC98: 43.96 | BD98: =PERCENTRANK(BC$2:BC$356,BC98) -> 0.161 | BE98: =sum(BC98-BC$358)/BC$359 -> -0.92024076 | BF98: =(BC98 * LOG(AZ98 + 1)) / LOG(MAX(AZ$2:AZ$356) + 1) * 100 -> 3790.2719 | BG98: =sum(BF98-BF$358)/BF$359 -> 0.1462681 | BH98: =PERCENTRANK(BG$2:BG$356,BG98) -> 0.531 | BI98: 7.69 | BJ98: =PERCENTRANK(BI$2:BI$356,BI98) -> 0.438 | BK98: =sum(BI98-BI$358)/BI$359 -> -0.20629042 | BL98: 64.32 | BM98: =PERCENTRANK(BL$2:BL$356,BL98) -> 0.251 | BN98: =sum(BL98-BL$358)/BL$359 -> -0.61971106 | BO98: =(BL98 * LOG(BI98 + 1)) / LOG(MAX(BI$2:BI$356) + 1) * 100 -> 5064.5145 | BP98: =sum(BO98-BO$358)/BO$359 -> -0.4540652 | BQ98: =PERCENTRANK(BP$2:BP$356,BP98) -> 0.308 | BR98: =sum(AO98,AX98,BG98,BP98) -> -1.9863304 | BS98: =PERCENTRANK(BR$2:BR$356,BR98) -> 0.234
A99: 2025 | B99: T. Presthus | C99: Hartford Athletic | D99: {=INDEX( TP!C:C, MATCH( 1, (TP!A:A = A99) * (TP!B:B = C99), 0 ) )} -> 45.2 | E99: =sum(AF99,BR99) -> -5.2071664 | F99: =PERCENTRANK(E$2:E$356,E99) -> 0.088 | G99: 4.27 | H99: =PERCENTRANK(G$2:G$356,G99) -> 0.209 | I99: =sum(G99-G$358)/G$359 -> -0.77488323 | J99: =G99 * (2/(1+EXP(-7*(($D99/100)-0.5)))) -> 3.5593136 | K99: =PERCENTRANK(J$2:J$356,J99) -> 0.108 | L99: =sum(J99-J$358)/J$359 -> -1.2068395 | M99: 67.57 | N99: =PERCENTRANK(M$2:M$356,M99) -> 0.627 | O99: =sum(M99-M$358)/M$359 -> 0.28131407 | P99: =(M99 * LOG(J99 + 1)) / LOG(MAX(J$2:J$356) + 1) * 100 -> 4336.7602 | Q99: =sum(P99-P$358)/P$359 -> -0.88913815 | R99: =PERCENTRANK(Q$2:Q$356,Q99) -> 0.158 | S99: 4.54 | T99: =S99 * (2/(1+EXP(-7*(($D99/100)-0.5)))) -> 3.7843756 | U99: =PERCENTRANK(T$2:T$356,T99) -> 0.528 | V99: =sum(S99-S$358)/S$359 -> 0.65337672 | W99: 51.69 | X99: =PERCENTRANK(W$2:W$356,W99) -> 0.223 | Y99: =sum(W99-W$358)/W$359 -> -0.80228838 | Z99: =(W99 * LOG(T99 + 1)) / LOG(MAX(T$2:T$356) + 1) * 100 -> 3912.0557 | AA99: =sum(Z99-Z$358)/Z$359 -> -0.43545529 | AB99: =PERCENTRANK(AA$2:AA$356,AA99) -> 0.336 | AC99: 5.95 | AD99: =PERCENTRANK(AC$2:AC$356,AC99) -> 0.381 | AE99: =sum(AC99-AC$358)/AC$359 -> -0.36729199 | AF99: =sum(Q99,AA99,AE99) -> -1.6918854 | AG99: =PERCENTRANK(AF$2:AF$356,AF99) -> 0.195 | AH99: 10.46 | AI99: =PERCENTRANK(AH$2:AH$356,AH99) -> 0.051 | AJ99: =sum(AH99-AH$358)/AH$359 -> -1.5454122 | AK99: 93.75 | AL99: =PERCENTRANK(AK$2:AK$356,AK99) -> 0.35 | AM99: =sum(AK99-AK$358)/AK$359 -> -0.085476664 | AN99: =(AK99 * LOG(AH99 + 1)) / LOG(MAX(AH$2:AH$356) + 1) * 100 -> 6436.1499 | AO99: =sum(AN99-AN$358)/AN$359 -> -1.4263917 | AP99: =PERCENTRANK(AO$2:AO$356,AO99) -> 0.056 | AQ99: 16.99 | AR99: =PERCENTRANK(AQ$2:AQ$356,AQ99) -> 0.364 | AS99: =sum(AQ99-AQ$358)/AQ$359 -> -0.33967402 | AT99: 62.67 | AU99: =PERCENTRANK(AT$2:AT$356,AT99) -> 0.045 | AV99: =sum(AT99-AT$358)/AT$359 -> -2.0148385 | AW99: =(AT99 * LOG(AQ99 + 1)) / LOG(MAX(AQ$2:AQ$356) + 1) * 100 -> 5248.9497 | AX99: =sum(AW99-AW$358)/AW$359 -> -1.545387 | AY99: =PERCENTRANK(AX$2:AX$356,AX99) -> 0.068 | AZ99: 7.46 | BA99: =PERCENTRANK(AZ$2:AZ$356,AZ99) -> 0.791 | BB99: =sum(AZ99-AZ$358)/AZ$359 -> 0.80592505 | BC99: 42.78 | BD99: =PERCENTRANK(BC$2:BC$356,BC99) -> 0.136 | BE99: =sum(BC99-BC$358)/BC$359 -> -1.0816345 | BF99: =(BC99 * LOG(AZ99 + 1)) / LOG(MAX(AZ$2:AZ$356) + 1) * 100 -> 3482.3727 | BG99: =sum(BF99-BF$358)/BF$359 -> -0.24919968 | BH99: =PERCENTRANK(BG$2:BG$356,BG99) -> 0.398 | BI99: 8.27 | BJ99: =PERCENTRANK(BI$2:BI$356,BI99) -> 0.565 | BK99: =sum(BI99-BI$358)/BI$359 -> 0.11770041 | BL99: 64.19 | BM99: =PERCENTRANK(BL$2:BL$356,BL99) -> 0.237 | BN99: =sum(BL99-BL$358)/BL$359 -> -0.63945308 | BO99: =(BL99 * LOG(BI99 + 1)) / LOG(MAX(BI$2:BI$356) + 1) * 100 -> 5205.3113 | BP99: =sum(BO99-BO$358)/BO$359 -> -0.29430263 | BQ99: =PERCENTRANK(BP$2:BP$356,BP99) -> 0.373 | BR99: =sum(AO99,AX99,BG99,BP99) -> -3.515281 | BS99: =PERCENTRANK(BR$2:BR$356,BR99) -> 0.136
A100: 2022 | B100: M. Jérôme | C100: Indy Eleven | D100: {=INDEX( TP!C:C, MATCH( 1, (TP!A:A = A100) * (TP!B:B = C100), 0 ) )} -> 46.6 | E100: =sum(AF100,BR100) -> 0.68458048 | F100: =PERCENTRANK(E$2:E$356,E100) -> 0.551 | G100: 3.05 | H100: =PERCENTRANK(G$2:G$356,G100) -> 0.017 | I100: =sum(G100-G$358)/G$359 -> -1.6566076 | J100: =G100 * (2/(1+EXP(-7*(($D100/100)-0.5)))) -> 2.6887536 | K100: =PERCENTRANK(J$2:J$356,J100) -> 0.008 | L100: =sum(J100-J$358)/J$359 -> -1.8111413 | M100: 68.48 | N100: =PERCENTRANK(M$2:M$356,M100) -> 0.695 | O100: =sum(M100-M$358)/M$359 -> 0.4403789 | P100: =(M100 * LOG(J100 + 1)) / LOG(MAX(J$2:J$356) + 1) * 100 -> 3781.3507 | Q100: =sum(P100-P$358)/P$359 -> -1.5874265 | R100: =PERCENTRANK(Q$2:Q$356,Q100) -> 0.045 | S100: 1.62 | T100: =S100 * (2/(1+EXP(-7*(($D100/100)-0.5)))) -> 1.4281249 | U100: =PERCENTRANK(T$2:T$356,T100) -> 0.003 | V100: =sum(S100-S$358)/S$359 -> -1.9285473 | W100: 69.39 | X100: =PERCENTRANK(W$2:W$356,W100) -> 0.901 | Y100: =sum(W100-W$358)/W$359 -> 1.2292982 | Z100: =(W100 * LOG(T100 + 1)) / LOG(MAX(T$2:T$356) + 1) * 100 -> 2976.2158 | AA100: =sum(Z100-Z$358)/Z$359 -> -1.2916544 | AB100: =PERCENTRANK(AA$2:AA$356,AA100) -> 0.105 | AC100: 6.57 | AD100: =PERCENTRANK(AC$2:AC$356,AC100) -> 0.59 | AE100: =sum(AC100-AC$358)/AC$359 -> 0.12918266 | AF100: =sum(Q100,AA100,AE100) -> -2.7498983 | AG100: =PERCENTRANK(AF$2:AF$356,AF100) -> 0.085 | AH100: 17.76 | AI100: =PERCENTRANK(AH$2:AH$356,AH100) -> 0.466 | AJ100: =sum(AH100-AH$358)/AH$359 -> -0.13588366 | AK100: 96.08 | AL100: =PERCENTRANK(AK$2:AK$356,AK100) -> 0.726 | AM100: =sum(AK100-AK$358)/AK$359 -> 0.60382842 | AN100: =(AK100 * LOG(AH100 + 1)) / LOG(MAX(AH$2:AH$356) + 1) * 100 -> 7929.1026 | AO100: =sum(AN100-AN$358)/AN$359 -> 0.16294199 | AP100: =PERCENTRANK(AO$2:AO$356,AO100) -> 0.551 | AQ100: 19.75 | AR100: =PERCENTRANK(AQ$2:AQ$356,AQ100) -> 0.703 | AS100: =sum(AQ100-AQ$358)/AQ$359 -> 0.48008165 | AT100: 73.83 | AU100: =PERCENTRANK(AT$2:AT$356,AT100) -> 0.429 | AV100: =sum(AT100-AT$358)/AT$359 -> -0.10892449 | AW100: =(AT100 * LOG(AQ100 + 1)) / LOG(MAX(AQ$2:AQ$356) + 1) * 100 -> 6489.0754 | AX100: =sum(AW100-AW$358)/AW$359 -> 0.20472469 | AY100: =PERCENTRANK(AX$2:AX$356,AX100) -> 0.582 | AZ100: 10.47 | BA100: =PERCENTRANK(AZ$2:AZ$356,AZ100) -> 0.989 | BB100: =sum(AZ100-AZ$358)/AZ$359 -> 2.3928401 | BC100: 57.91 | BD100: =PERCENTRANK(BC$2:BC$356,BC100) -> 0.847 | BE100: =sum(BC100-BC$358)/BC$359 -> 0.98776104 | BF100: =(BC100 * LOG(AZ100 + 1)) / LOG(MAX(AZ$2:AZ$356) + 1) * 100 -> 5385.9434 | BG100: =sum(BF100-BF$358)/BF$359 -> 2.1957591 | BH100: =PERCENTRANK(BG$2:BG$356,BG100) -> 0.992 | BI100: 9.38 | BJ100: =PERCENTRANK(BI$2:BI$356,BI100) -> 0.766 | BK100: =sum(BI100-BI$358)/BI$359 -> 0.73775181 | BL100: 73.14 | BM100: =PERCENTRANK(BL$2:BL$356,BL100) -> 0.763 | BN100: =sum(BL100-BL$358)/BL$359 -> 0.71970876 | BO100: =(BL100 * LOG(BI100 + 1)) / LOG(MAX(BI$2:BI$356) + 1) * 100 -> 6232.3246 | BP100: =sum(BO100-BO$358)/BO$359 -> 0.87105304 | BQ100: =PERCENTRANK(BP$2:BP$356,BP100) -> 0.802 | BR100: =sum(AO100,AX100,BG100,BP100) -> 3.4344788 | BS100: =PERCENTRANK(BR$2:BR$356,BR100) -> 0.876
A101: 2022 | B101: J. Vázquez | C101: Indy Eleven | D101: {=INDEX( TP!C:C, MATCH( 1, (TP!A:A = A101) * (TP!B:B = C101), 0 ) )} -> 46.6 | E101: =sum(AF101,BR101) -> -0.61454576 | F101: =PERCENTRANK(E$2:E$356,E101) -> 0.412 | G101: 4.66 | H101: =PERCENTRANK(G$2:G$356,G101) -> 0.322 | I101: =sum(G101-G$358)/G$359 -> -0.49302052 | J101: =G101 * (2/(1+EXP(-7*(($D101/100)-0.5)))) -> 4.1080629 | K101: =PERCENTRANK(J$2:J$356,J101) -> 0.207 | L101: =sum(J101-J$358)/J$359 -> -0.82592357 | M101: 64 | N101: =PERCENTRANK(M$2:M$356,M101) -> 0.364 | O101: =sum(M101-M$358)/M$359 -> -0.3427095 | P101: =(M101 * LOG(J101 + 1)) / LOG(MAX(J$2:J$356) + 1) * 100 -> 4415.3254 | Q101: =sum(P101-P$358)/P$359 -> -0.7903621 | R101: =PERCENTRANK(Q$2:Q$356,Q101) -> 0.203 | S101: 2.35 | T101: =S101 * (2/(1+EXP(-7*(($D101/100)-0.5)))) -> 2.0716626 | U101: =PERCENTRANK(T$2:T$356,T101) -> 0.056 | V101: =sum(S101-S$358)/S$359 -> -1.2830663 | W101: 55.56 | X101: =PERCENTRANK(W$2:W$356,W101) -> 0.342 | Y101: =sum(W101-W$358)/W$359 -> -0.35809402 | Z101: =(W101 * LOG(T101 + 1)) / LOG(MAX(T$2:T$356) + 1) * 100 -> 3014.5698 | AA101: =sum(Z101-Z$358)/Z$359 -> -1.2565644 | AB101: =PERCENTRANK(AA$2:AA$356,AA101) -> 0.116 | AC101: 5.48 | AD101: =PERCENTRANK(AC$2:AC$356,AC101) -> 0.237 | AE101: =sum(AC101-AC$358)/AC$359 -> -0.74365181 | AF101: =sum(Q101,AA101,AE101) -> -2.7905783 | AG101: =PERCENTRANK(AF$2:AF$356,AF101) -> 0.071 | AH101: 22.68 | AI101: =PERCENTRANK(AH$2:AH$356,AH101) -> 0.808 | AJ101: =sum(AH101-AH$358)/AH$359 -> 0.81409994 | AK101: 97.37 | AL101: =PERCENTRANK(AK$2:AK$356,AK101) -> 0.91 | AM101: =sum(AK101-AK$358)/AK$359 -> 0.98546086 | AN101: =(AK101 * LOG(AH101 + 1)) / LOG(MAX(AH$2:AH$356) + 1) * 100 -> 8673.9267 | AO101: =sum(AN101-AN$358)/AN$359 -> 0.95584995 | AP101: =PERCENTRANK(AO$2:AO$356,AO101) -> 0.85 | AQ101: 19.88 | AR101: =PERCENTRANK(AQ$2:AQ$356,AQ101) -> 0.709 | AS101: =sum(AQ101-AQ$358)/AQ$359 -> 0.51869334 | AT101: 81.61 | AU101: =PERCENTRANK(AT$2:AT$356,AT101) -> 0.907 | AV101: =sum(AT101-AT$358)/AT$359 -> 1.2197504 | AW101: =(AT101 * LOG(AQ101 + 1)) / LOG(MAX(AQ$2:AQ$356) + 1) * 100 -> 7187.6486 | AX101: =sum(AW101-AW$358)/AW$359 -> 1.1905773 | AY101: =PERCENTRANK(AX$2:AX$356,AX101) -> 0.884 | AZ101: 4.96 | BA101: =PERCENTRANK(AZ$2:AZ$356,AZ101) -> 0.322 | BB101: =sum(AZ101-AZ$358)/AZ$359 -> -0.51211074 | BC101: 52.63 | BD101: =PERCENTRANK(BC$2:BC$356,BC101) -> 0.588 | BE101: =sum(BC101-BC$358)/BC$359 -> 0.26559262 | BF101: =(BC101 * LOG(AZ101 + 1)) / LOG(MAX(AZ$2:AZ$356) + 1) * 100 -> 3581.4122 | BG101: =sum(BF101-BF$358)/BF$359 -> -0.12199271 | BH101: =PERCENTRANK(BG$2:BG$356,BG101) -> 0.438 | BI101: 7.2 | BJ101: =PERCENTRANK(BI$2:BI$356,BI101) -> 0.339 | BK101: =sum(BI101-BI$358)/BI$359 -> -0.4800068 | BL101: 73.06 | BM101: =PERCENTRANK(BL$2:BL$356,BL101) -> 0.757 | BN101: =sum(BL101-BL$358)/BL$359 -> 0.70755982 | BO101: =(BL101 * LOG(BI101 + 1)) / LOG(MAX(BI$2:BI$356) + 1) * 100 -> 5598.2779 | BP101: =sum(BO101-BO$358)/BO$359 -> 0.15159799 | BQ101: =PERCENTRANK(BP$2:BP$356,BP101) -> 0.556 | BR101: =sum(AO101,AX101,BG101,BP101) -> 2.1760325 | BS101: =PERCENTRANK(BR$2:BR$356,BR101) -> 0.757
A102: 2023 | B102: A. Diz | C102: Indy Eleven | D102: {=INDEX( TP!C:C, MATCH( 1, (TP!A:A = A102) * (TP!B:B = C102), 0 ) )} -> 45.37 | E102: =sum(AF102,BR102) -> 6.8963272 | F102: =PERCENTRANK(E$2:E$356,E102) -> 0.983 | G102: 6.36 | H102: =PERCENTRANK(G$2:G$356,G102) -> 0.78 | I102: =sum(G102-G$358)/G$359 -> 0.73561178 | J102: =G102 * (2/(1+EXP(-7*(($D102/100)-0.5)))) -> 5.3382898 | K102: =PERCENTRANK(J$2:J$356,J102) -> 0.567 | L102: =sum(J102-J$358)/J$359 -> 0.028042151 | M102: 70.79 | N102: =PERCENTRANK(M$2:M$356,M102) -> 0.819 | O102: =sum(M102-M$358)/M$359 -> 0.84415886 | P102: =(M102 * LOG(J102 + 1)) / LOG(MAX(J$2:J$356) + 1) * 100 -> 5529.9793 | Q102: =sum(P102-P$358)/P$359 -> 0.61103591 | R102: =PERCENTRANK(Q$2:Q$356,Q102) -> 0.754 | S102: 5.6 | T102: =S102 * (2/(1+EXP(-7*(($D102/100)-0.5)))) -> 4.700381 | U102: =PERCENTRANK(T$2:T$356,T102) -> 0.811 | V102: =sum(S102-S$358)/S$359 -> 1.5906505 | W102: 74.16 | X102: =PERCENTRANK(W$2:W$356,W102) -> 0.975 | Y102: =sum(W102-W$358)/W$359 -> 1.7767936 | Z102: =(W102 * LOG(T102 + 1)) / LOG(MAX(T$2:T$356) + 1) * 100 -> 6240.7601 | AA102: =sum(Z102-Z$358)/Z$359 -> 1.6950746 | AB102: =PERCENTRANK(AA$2:AA$356,AA102) -> 0.963 | AC102: 8.12 | AD102: =PERCENTRANK(AC$2:AC$356,AC102) -> 0.898 | AE102: =sum(AC102-AC$358)/AC$359 -> 1.3703693 | AF102: =sum(Q102,AA102,AE102) -> 3.6764798 | AG102: =PERCENTRANK(AF$2:AF$356,AF102) -> 0.98 | AH102: 24.73 | AI102: =PERCENTRANK(AH$2:AH$356,AH102) -> 0.89 | AJ102: =sum(AH102-AH$358)/AH$359 -> 1.2099264 | AK102: 94.78 | AL102: =PERCENTRANK(AK$2:AK$356,AK102) -> 0.477 | AM102: =sum(AK102-AK$358)/AK$359 -> 0.2192376 | AN102: =(AK102 * LOG(AH102 + 1)) / LOG(MAX(AH$2:AH$356) + 1) * 100 -> 8664.7187 | AO102: =sum(AN102-AN$358)/AN$359 -> 0.94604753 | AP102: =PERCENTRANK(AO$2:AO$356,AO102) -> 0.847 | AQ102: 23.13 | AR102: =PERCENTRANK(AQ$2:AQ$356,AQ102) -> 0.938 | AS102: =sum(AQ102-AQ$358)/AQ$359 -> 1.4839853 | AT102: 78.23 | AU102: =PERCENTRANK(AT$2:AT$356,AT102) -> 0.732 | AV102: =sum(AT102-AT$358)/AT$359 -> 0.64251115 | AW102: =(AT102 * LOG(AQ102 + 1)) / LOG(MAX(AQ$2:AQ$356) + 1) * 100 -> 7217.9635 | AX102: =sum(AW102-AW$358)/AW$359 -> 1.2333588 | AY102: =PERCENTRANK(AX$2:AX$356,AX102) -> 0.89 | AZ102: 7.55 | BA102: =PERCENTRANK(AZ$2:AZ$356,AZ102) -> 0.811 | BB102: =sum(AZ102-AZ$358)/AZ$359 -> 0.85337434 | BC102: 55.83 | BD102: =PERCENTRANK(BC$2:BC$356,BC102) -> 0.743 | BE102: =sum(BC102-BC$358)/BC$359 -> 0.70327045 | BF102: =(BC102 * LOG(AZ102 + 1)) / LOG(MAX(AZ$2:AZ$356) + 1) * 100 -> 4567.1893 | BG102: =sum(BF102-BF$358)/BF$359 -> 1.1441459 | BH102: =PERCENTRANK(BG$2:BG$356,BG102) -> 0.89 | BI102: 10.04 | BJ102: =PERCENTRANK(BI$2:BI$356,BI102) -> 0.867 | BK102: =sum(BI102-BI$358)/BI$359 -> 1.106431 | BL102: 61.44 | BM102: =PERCENTRANK(BL$2:BL$356,BL102) -> 0.153 | BN102: =sum(BL102-BL$358)/BL$359 -> -1.0570726 | BO102: =(BL102 * LOG(BI102 + 1)) / LOG(MAX(BI$2:BI$356) + 1) * 100 -> 5373.2826 | BP102: =sum(BO102-BO$358)/BO$359 -> -0.10370493 | BQ102: =PERCENTRANK(BP$2:BP$356,BP102) -> 0.46 | BR102: =sum(AO102,AX102,BG102,BP102) -> 3.2198473 | BS102: =PERCENTRANK(BR$2:BR$356,BR102) -> 0.856
A103: 2023 | B103: M. Jérôme | C103: Indy Eleven | D103: {=INDEX( TP!C:C, MATCH( 1, (TP!A:A = A103) * (TP!B:B = C103), 0 ) )} -> 45.37 | E103: =sum(AF103,BR103) -> 1.3070788 | F103: =PERCENTRANK(E$2:E$356,E103) -> 0.596 | G103: 3.54 | H103: =PERCENTRANK(G$2:G$356,G103) -> 0.088 | I103: =sum(G103-G$358)/G$359 -> -1.3024724 | J103: =G103 * (2/(1+EXP(-7*(($D103/100)-0.5)))) -> 2.9713123 | K103: =PERCENTRANK(J$2:J$356,J103) -> 0.023 | L103: =sum(J103-J$358)/J$359 -> -1.6150024 | M103: 63.64 | N103: =PERCENTRANK(M$2:M$356,M103) -> 0.342 | O103: =sum(M103-M$358)/M$359 -> -0.40563625 | P103: =(M103 * LOG(J103 + 1)) / LOG(MAX(J$2:J$356) + 1) * 100 -> 3712.7995 | Q103: =sum(P103-P$358)/P$359 -> -1.6736124 | R103: =PERCENTRANK(Q$2:Q$356,Q103) -> 0.034 | S103: 2.62 | T103: =S103 * (2/(1+EXP(-7*(($D103/100)-0.5)))) -> 2.1991068 | U103: =PERCENTRANK(T$2:T$356,T103) -> 0.082 | V103: =sum(S103-S$358)/S$359 -> -1.0443267 | W103: 47.37 | X103: =PERCENTRANK(W$2:W$356,W103) -> 0.093 | Y103: =sum(W103-W$358)/W$359 -> -1.2981332 | Z103: =(W103 * LOG(T103 + 1)) / LOG(MAX(T$2:T$356) + 1) * 100 -> 2663.3036 | AA103: =sum(Z103-Z$358)/Z$359 -> -1.5779376 | AB103: =PERCENTRANK(AA$2:AA$356,AA103) -> 0.056 | AC103: 5.68 | AD103: =PERCENTRANK(AC$2:AC$356,AC103) -> 0.28 | AE103: =sum(AC103-AC$358)/AC$359 -> -0.5834987 | AF103: =sum(Q103,AA103,AE103) -> -3.8350487 | AG103: =PERCENTRANK(AF$2:AF$356,AF103) -> 0.017 | AH103: 25.3 | AI103: =PERCENTRANK(AH$2:AH$356,AH103) -> 0.898 | AJ103: =sum(AH103-AH$358)/AH$359 -> 1.3199855 | AK103: 95.64 | AL103: =PERCENTRANK(AK$2:AK$356,AK103) -> 0.63 | AM103: =sum(AK103-AK$358)/AK$359 -> 0.47365922 | AN103: =(AK103 * LOG(AH103 + 1)) / LOG(MAX(AH$2:AH$356) + 1) * 100 -> 8802.3289 | AO103: =sum(AN103-AN$358)/AN$359 -> 1.0925415 | AP103: =PERCENTRANK(AO$2:AO$356,AO103) -> 0.867 | AQ103: 20.57 | AR103: =PERCENTRANK(AQ$2:AQ$356,AQ103) -> 0.774 | AS103: =sum(AQ103-AQ$358)/AQ$359 -> 0.72363225 | AT103: 80.36 | AU103: =PERCENTRANK(AT$2:AT$356,AT103) -> 0.853 | AV103: =sum(AT103-AT$358)/AT$359 -> 1.0062743 | AW103: =(AT103 * LOG(AQ103 + 1)) / LOG(MAX(AQ$2:AQ$356) + 1) * 100 -> 7153.2792 | AX103: =sum(AW103-AW$358)/AW$359 -> 1.1420739 | AY103: =PERCENTRANK(AX$2:AX$356,AX103) -> 0.873 | AZ103: 8.63 | BA103: =PERCENTRANK(AZ$2:AZ$356,AZ103) -> 0.91 | BB103: =sum(AZ103-AZ$358)/AZ$359 -> 1.4227658 | BC103: 63.3 | BD103: =PERCENTRANK(BC$2:BC$356,BC103) -> 0.977 | BE103: =sum(BC103-BC$358)/BC$359 -> 1.7249746 | BF103: =(BC103 * LOG(AZ103 + 1)) / LOG(MAX(AZ$2:AZ$356) + 1) * 100 -> 5465.3137 | BG103: =sum(BF103-BF$358)/BF$359 -> 2.2977029 | BH103: =PERCENTRANK(BG$2:BG$356,BG103) -> 0.997 | BI103: 8.86 | BJ103: =PERCENTRANK(BI$2:BI$356,BI103) -> 0.664 | BK103: =sum(BI103-BI$358)/BI$359 -> 0.44727728 | BL103: 72.02 | BM103: =PERCENTRANK(BL$2:BL$356,BL103) -> 0.709 | BN103: =sum(BL103-BL$358)/BL$359 -> 0.5496237 | BO103: =(BL103 * LOG(BI103 + 1)) / LOG(MAX(BI$2:BI$356) + 1) * 100 -> 6002.0937 | BP103: =sum(BO103-BO$358)/BO$359 -> 0.60980919 | BQ103: =PERCENTRANK(BP$2:BP$356,BP103) -> 0.715 | BR103: =sum(AO103,AX103,BG103,BP103) -> 5.1421274 | BS103: =PERCENTRANK(BR$2:BR$356,BR103) -> 0.966
A104: 2023 | B104: J. Vázquez | C104: Indy Eleven | D104: {=INDEX( TP!C:C, MATCH( 1, (TP!A:A = A104) * (TP!B:B = C104), 0 ) )} -> 45.37 | E104: =sum(AF104,BR104) -> -2.1542258 | F104: =PERCENTRANK(E$2:E$356,E104) -> 0.282 | G104: 4.42 | H104: =PERCENTRANK(G$2:G$356,G104) -> 0.263 | I104: =sum(G104-G$358)/G$359 -> -0.6664745 | J104: =G104 * (2/(1+EXP(-7*(($D104/100)-0.5)))) -> 3.7099436 | K104: =PERCENTRANK(J$2:J$356,J104) -> 0.142 | L104: =sum(J104-J$358)/J$359 -> -1.1022793 | M104: 67.95 | N104: =PERCENTRANK(M$2:M$356,M104) -> 0.661 | O104: =sum(M104-M$358)/M$359 -> 0.34773675 | P104: =(M104 * LOG(J104 + 1)) / LOG(MAX(J$2:J$356) + 1) * 100 -> 4454.5824 | Q104: =sum(P104-P$358)/P$359 -> -0.74100629 | R104: =PERCENTRANK(Q$2:Q$356,Q104) -> 0.229 | S104: 3.28 | T104: =S104 * (2/(1+EXP(-7*(($D104/100)-0.5)))) -> 2.7530803 | U104: =PERCENTRANK(T$2:T$356,T104) -> 0.195 | V104: =sum(S104-S$358)/S$359 -> -0.46074118 | W104: 48.28 | X104: =PERCENTRANK(W$2:W$356,W104) -> 0.113 | Y104: =sum(W104-W$358)/W$359 -> -1.1936844 | Z104: =(W104 * LOG(T104 + 1)) / LOG(MAX(T$2:T$356) + 1) * 100 -> 3087.2635 | AA104: =sum(Z104-Z$358)/Z$359 -> -1.190057 | AB104: =PERCENTRANK(AA$2:AA$356,AA104) -> 0.133 | AC104: 5.75 | AD104: =PERCENTRANK(AC$2:AC$356,AC104) -> 0.297 | AE104: =sum(AC104-AC$358)/AC$359 -> -0.52744511 | AF104: =sum(Q104,AA104,AE104) -> -2.4585084 | AG104: =PERCENTRANK(AF$2:AF$356,AF104) -> 0.107 | AH104: 24.4 | AI104: =PERCENTRANK(AH$2:AH$356,AH104) -> 0.87 | AJ104: =sum(AH104-AH$358)/AH$359 -> 1.146208 | AK104: 98.38 | AL104: =PERCENTRANK(AK$2:AK$356,AK104) -> 0.994 | AM104: =sum(AK104-AK$358)/AK$359 -> 1.2842583 | AN104: =(AK104 * LOG(AH104 + 1)) / LOG(MAX(AH$2:AH$356) + 1) * 100 -> 8958.0803 | AO104: =sum(AN104-AN$358)/AN$359 -> 1.2583478 | AP104: =PERCENTRANK(AO$2:AO$356,AO104) -> 0.912 | AQ104: 19.3 | AR104: =PERCENTRANK(AQ$2:AQ$356,AQ104) -> 0.633 | AS104: =sum(AQ104-AQ$358)/AQ$359 -> 0.34642584 | AT104: 80.94 | AU104: =PERCENTRANK(AT$2:AT$356,AT104) -> 0.879 | AV104: =sum(AT104-AT$358)/AT$359 -> 1.1053272 | AW104: =(AT104 * LOG(AQ104 + 1)) / LOG(MAX(AQ$2:AQ$356) + 1) * 100 -> 7062.5541 | AX104: =sum(AW104-AW$358)/AW$359 -> 1.0140393 | AY104: =PERCENTRANK(AX$2:AX$356,AX104) -> 0.853 | AZ104: 3.06 | BA104: =PERCENTRANK(AZ$2:AZ$356,AZ104) -> 0.045 | BB104: =sum(AZ104-AZ$358)/AZ$359 -> -1.5138179 | BC104: 48.15 | BD104: =PERCENTRANK(BC$2:BC$356,BC104) -> 0.359 | BE104: =sum(BC104-BC$358)/BC$359 -> -0.34715635 | BF104: =(BC104 * LOG(AZ104 + 1)) / LOG(MAX(AZ$2:AZ$356) + 1) * 100 -> 2571.9156 | BG104: =sum(BF104-BF$358)/BF$359 -> -1.4185968 | BH104: =PERCENTRANK(BG$2:BG$356,BG104) -> 0.079 | BI104: 6.51 | BJ104: =PERCENTRANK(BI$2:BI$356,BI104) -> 0.195 | BK104: =sum(BI104-BI$358)/BI$359 -> -0.86544416 | BL104: 67.83 | BM104: =PERCENTRANK(BL$2:BL$356,BL104) -> 0.427 | BN104: =sum(BL104-BL$358)/BL$359 -> -0.086676645 | BO104: =(BL104 * LOG(BI104 + 1)) / LOG(MAX(BI$2:BI$356) + 1) * 100 -> 4980.4023 | BP104: =sum(BO104-BO$358)/BO$359 -> -0.54950765 | BQ104: =PERCENTRANK(BP$2:BP$356,BP104) -> 0.28 | BR104: =sum(AO104,AX104,BG104,BP104) -> 0.3042826 | BS104: =PERCENTRANK(BR$2:BR$356,BR104) -> 0.525
A105: 2023 | B105: C. Chapman-Page | C105: Indy Eleven | D105: {=INDEX( TP!C:C, MATCH( 1, (TP!A:A = A105) * (TP!B:B = C105), 0 ) )} -> 45.37 | E105: =sum(AF105,BR105) -> -2.7008768 | F105: =PERCENTRANK(E$2:E$356,E105) -> 0.232 | G105: 4.18 | H105: =PERCENTRANK(G$2:G$356,G105) -> 0.203 | I105: =sum(G105-G$358)/G$359 -> -0.83992847 | J105: =G105 * (2/(1+EXP(-7*(($D105/100)-0.5)))) -> 3.5084987 | K105: =PERCENTRANK(J$2:J$356,J105) -> 0.096 | L105: =sum(J105-J$358)/J$359 -> -1.2421129 | M105: 74.65 | N105: =PERCENTRANK(M$2:M$356,M105) -> 0.932 | O105: =sum(M105-M$358)/M$359 -> 1.5188734 | P105: =(M105 * LOG(J105 + 1)) / LOG(MAX(J$2:J$356) + 1) * 100 -> 4755.7729 | Q105: =sum(P105-P$358)/P$359 -> -0.36233464 | R105: =PERCENTRANK(Q$2:Q$356,Q105) -> 0.336 | S105: 3.88 | T105: =S105 * (2/(1+EXP(-7*(($D105/100)-0.5)))) -> 3.2566925 | U105: =PERCENTRANK(T$2:T$356,T105) -> 0.336 | V105: =sum(S105-S$358)/S$359 -> 0.069791155 | W105: 57.58 | X105: =PERCENTRANK(W$2:W$356,W105) -> 0.429 | Y105: =sum(W105-W$358)/W$359 -> -0.12624063 | Z105: =(W105 * LOG(T105 + 1)) / LOG(MAX(T$2:T$356) + 1) * 100 -> 4032.491 | AA105: =sum(Z105-Z$358)/Z$359 -> -0.32526912 | AB105: =PERCENTRANK(AA$2:AA$356,AA105) -> 0.379 | AC105: 4.94 | AD105: =PERCENTRANK(AC$2:AC$356,AC105) -> 0.102 | AE105: =sum(AC105-AC$358)/AC$359 -> -1.1760652 | AF105: =sum(Q105,AA105,AE105) -> -1.863669 | AG105: =PERCENTRANK(AF$2:AF$356,AF105) -> 0.169 | AH105: 23.94 | AI105: =PERCENTRANK(AH$2:AH$356,AH105) -> 0.847 | AJ105: =sum(AH105-AH$358)/AH$359 -> 1.0573884 | AK105: 97.79 | AL105: =PERCENTRANK(AK$2:AK$356,AK105) -> 0.975 | AM105: =sum(AK105-AK$358)/AK$359 -> 1.1097133 | AN105: =(AK105 * LOG(AH105 + 1)) / LOG(MAX(AH$2:AH$356) + 1) * 100 -> 8854.048 | AO105: =sum(AN105-AN$358)/AN$359 -> 1.1475994 | AP105: =PERCENTRANK(AO$2:AO$356,AO105) -> 0.879 | AQ105: 16.06 | AR105: =PERCENTRANK(AQ$2:AQ$356,AQ105) -> 0.274 | AS105: =sum(AQ105-AQ$358)/AQ$359 -> -0.61589604 | AT105: 79.85 | AU105: =PERCENTRANK(AT$2:AT$356,AT105) -> 0.822 | AV105: =sum(AT105-AT$358)/AT$359 -> 0.91917609 | AW105: =(AT105 * LOG(AQ105 + 1)) / LOG(MAX(AQ$2:AQ$356) + 1) * 100 -> 6565.0259 | AX105: =sum(AW105-AW$358)/AW$359 -> 0.31190885 | AY105: =PERCENTRANK(AX$2:AX$356,AX105) -> 0.627 | AZ105: 2.76 | BA105: =PERCENTRANK(AZ$2:AZ$356,AZ105) -> 0.025 | BB105: =sum(AZ105-AZ$358)/AZ$359 -> -1.6719822 | BC105: 51.06 | BD105: =PERCENTRANK(BC$2:BC$356,BC105) -> 0.517 | BE105: =sum(BC105-BC$358)/BC$359 -> 0.050856931 | BF105: =(BC105 * LOG(AZ105 + 1)) / LOG(MAX(AZ$2:AZ$356) + 1) * 100 -> 2577.9339 | BG105: =sum(BF105-BF$358)/BF$359 -> -1.410867 | BH105: =PERCENTRANK(BG$2:BG$356,BG105) -> 0.085 | BI105: 6.41 | BJ105: =PERCENTRANK(BI$2:BI$356,BI105) -> 0.181 | BK105: =sum(BI105-BI$358)/BI$359 -> -0.92130465 | BL105: 64.22 | BM105: =PERCENTRANK(BL$2:BL$356,BL105) -> 0.243 | BN105: =sum(BL105-BL$358)/BL$359 -> -0.63489723 | BO105: =(BL105 * LOG(BI105 + 1)) / LOG(MAX(BI$2:BI$356) + 1) * 100 -> 4683.9887 | BP105: =sum(BO105-BO$358)/BO$359 -> -0.88584918 | BQ105: =PERCENTRANK(BP$2:BP$356,BP105) -> 0.178 | BR105: =sum(AO105,AX105,BG105,BP105) -> -0.83720786 | BS105: =PERCENTRANK(BR$2:BR$356,BR105) -> 0.347
A106: 2024 | B106: A. Diz | C106: Indy Eleven | D106: {=INDEX( TP!C:C, MATCH( 1, (TP!A:A = A106) * (TP!B:B = C106), 0 ) )} -> 45.37 | E106: =sum(AF106,BR106) -> 3.3100561 | F106: =PERCENTRANK(E$2:E$356,E106) -> 0.811 | G106: 6.88 | H106: =PERCENTRANK(G$2:G$356,G106) -> 0.864 | I106: =sum(G106-G$358)/G$359 -> 1.1114287 | J106: =G106 * (2/(1+EXP(-7*(($D106/100)-0.5)))) -> 5.7747538 | K106: =PERCENTRANK(J$2:J$356,J106) -> 0.674 | L106: =sum(J106-J$358)/J$359 -> 0.33101491 | M106: 65.17 | N106: =PERCENTRANK(M$2:M$356,M106) -> 0.429 | O106: =sum(M106-M$358)/M$359 -> -0.13819757 | P106: =(M106 * LOG(J106 + 1)) / LOG(MAX(J$2:J$356) + 1) * 100 -> 5274.5502 | Q106: =sum(P106-P$358)/P$359 -> 0.28989777 | R106: =PERCENTRANK(Q$2:Q$356,Q106) -> 0.616 | S106: 5.14 | T106: =S106 * (2/(1+EXP(-7*(($D106/100)-0.5)))) -> 4.3142783 | U106: =PERCENTRANK(T$2:T$356,T106) -> 0.695 | V106: =sum(S106-S$358)/S$359 -> 1.1839091 | W106: 68.42 | X106: =PERCENTRANK(W$2:W$356,W106) -> 0.864 | Y106: =sum(W106-W$358)/W$359 -> 1.1179627 | Z106: =(W106 * LOG(T106 + 1)) / LOG(MAX(T$2:T$356) + 1) * 100 -> 5525.7131 | AA106: =sum(Z106-Z$358)/Z$359 -> 1.0408786 | AB106: =PERCENTRANK(AA$2:AA$356,AA106) -> 0.836 | AC106: 6.33 | AD106: =PERCENTRANK(AC$2:AC$356,AC106) -> 0.506 | AE106: =sum(AC106-AC$358)/AC$359 -> -0.063001077 | AF106: =sum(Q106,AA106,AE106) -> 1.2677753 | AG106: =PERCENTRANK(AF$2:AF$356,AF106) -> 0.751 | AH106: 14.37 | AI106: =PERCENTRANK(AH$2:AH$356,AH106) -> 0.175 | AJ106: =sum(AH106-AH$358)/AH$359 -> -0.79044553 | AK106: 88.98 | AL106: =PERCENTRANK(AK$2:AK$356,AK106) -> 0.073 | AM106: =sum(AK106-AK$358)/AK$359 -> -1.4966291 | AN106: =(AK106 * LOG(AH106 + 1)) / LOG(MAX(AH$2:AH$356) + 1) * 100 -> 6843.9526 | AO106: =sum(AN106-AN$358)/AN$359 -> -0.99226241 | AP106: =PERCENTRANK(AO$2:AO$356,AO106) -> 0.116 | AQ106: 19.08 | AR106: =PERCENTRANK(AQ$2:AQ$356,AQ106) -> 0.61 | AS106: =sum(AQ106-AQ$358)/AQ$359 -> 0.28108299 | AT106: 76.92 | AU106: =PERCENTRANK(AT$2:AT$356,AT106) -> 0.655 | AV106: =sum(AT106-AT$358)/AT$359 -> 0.41878827 | AW106: =(AT106 * LOG(AQ106 + 1)) / LOG(MAX(AQ$2:AQ$356) + 1) * 100 -> 6687.4898 | AX106: =sum(AW106-AW$358)/AW$359 -> 0.48473455 | AY106: =PERCENTRANK(AX$2:AX$356,AX106) -> 0.684 | AZ106: 6.88 | BA106: =PERCENTRANK(AZ$2:AZ$356,AZ106) -> 0.729 | BB106: =sum(AZ106-AZ$358)/AZ$359 -> 0.50014075 | BC106: 59.55 | BD106: =PERCENTRANK(BC$2:BC$356,BC106) -> 0.904 | BE106: =sum(BC106-BC$358)/BC$359 -> 1.2120709 | BF106: =(BC106 * LOG(AZ106 + 1)) / LOG(MAX(AZ$2:AZ$356) + 1) * 100 -> 4686.2561 | BG106: =sum(BF106-BF$358)/BF$359 -> 1.2970761 | BH106: =PERCENTRANK(BG$2:BG$356,BG106) -> 0.91 | BI106: 9.7 | BJ106: =PERCENTRANK(BI$2:BI$356,BI106) -> 0.805 | BK106: =sum(BI106-BI$358)/BI$359 -> 0.91650537 | BL106: 76.1 | BM106: =PERCENTRANK(BL$2:BL$356,BL106) -> 0.879 | BN106: =sum(BL106-BL$358)/BL$359 -> 1.1692193 | BO106: =(BL106 * LOG(BI106 + 1)) / LOG(MAX(BI$2:BI$356) + 1) * 100 -> 6568.6939 | BP106: =sum(BO106-BO$358)/BO$359 -> 1.2527325 | BQ106: =PERCENTRANK(BP$2:BP$356,BP106) -> 0.912 | BR106: =sum(AO106,AX106,BG106,BP106) -> 2.0422808 | BS106: =PERCENTRANK(BR$2:BR$356,BR106) -> 0.743
A107: 2024 | B107: B. Ofeimu | C107: Indy Eleven | D107: {=INDEX( TP!C:C, MATCH( 1, (TP!A:A = A107) * (TP!B:B = C107), 0 ) )} -> 45.37 | E107: =sum(AF107,BR107) -> -3.6170145 | F107: =PERCENTRANK(E$2:E$356,E107) -> 0.172 | G107: 5.45 | H107: =PERCENTRANK(G$2:G$356,G107) -> 0.571 | I107: =sum(G107-G$358)/G$359 -> 0.077932137 | J107: =G107 * (2/(1+EXP(-7*(($D107/100)-0.5)))) -> 4.5744779 | K107: =PERCENTRANK(J$2:J$356,J107) -> 0.334 | L107: =sum(J107-J$358)/J$359 -> -0.50216017 | M107: 68.1 | N107: =PERCENTRANK(M$2:M$356,M107) -> 0.664 | O107: =sum(M107-M$358)/M$359 -> 0.37395622 | P107: =(M107 * LOG(J107 + 1)) / LOG(MAX(J$2:J$356) + 1) * 100 -> 4949.9081 | Q107: =sum(P107-P$358)/P$359 -> -0.11825827 | R107: =PERCENTRANK(Q$2:Q$356,Q107) -> 0.449 | S107: 3.35 | T107: =S107 * (2/(1+EXP(-7*(($D107/100)-0.5)))) -> 2.811835 | U107: =PERCENTRANK(T$2:T$356,T107) -> 0.215 | V107: =sum(S107-S$358)/S$359 -> -0.39884574 | W107: 51 | X107: =PERCENTRANK(W$2:W$356,W107) -> 0.195 | Y107: =sum(W107-W$358)/W$359 -> -0.88148582 | Z107: =(W107 * LOG(T107 + 1)) / LOG(MAX(T$2:T$356) + 1) * 100 -> 3299.4969 | AA107: =sum(Z107-Z$358)/Z$359 -> -0.9958848 | AB107: =PERCENTRANK(AA$2:AA$356,AA107) -> 0.175 | AC107: 7.28 | AD107: =PERCENTRANK(AC$2:AC$356,AC107) -> 0.768 | AE107: =sum(AC107-AC$358)/AC$359 -> 0.69772621 | AF107: =sum(Q107,AA107,AE107) -> -0.41641686 | AG107: =PERCENTRANK(AF$2:AF$356,AF107) -> 0.415 | AH107: 13.22 | AI107: =PERCENTRANK(AH$2:AH$356,AH107) -> 0.121 | AJ107: =sum(AH107-AH$358)/AH$359 -> -1.0124945 | AK107: 90.89 | AL107: =PERCENTRANK(AK$2:AK$356,AK107) -> 0.13 | AM107: =sum(AK107-AK$358)/AK$359 -> -0.93157647 | AN107: =(AK107 * LOG(AH107 + 1)) / LOG(MAX(AH$2:AH$356) + 1) * 100 -> 6791.8925 | AO107: =sum(AN107-AN$358)/AN$359 -> -1.0476834 | AP107: =PERCENTRANK(AO$2:AO$356,AO107) -> 0.11 | AQ107: 16.83 | AR107: =PERCENTRANK(AQ$2:AQ$356,AQ107) -> 0.35 | AS107: =sum(AQ107-AQ$358)/AQ$359 -> -0.38719609 | AT107: 72.76 | AU107: =PERCENTRANK(AT$2:AT$356,AT107) -> 0.356 | AV107: =sum(AT107-AT$358)/AT$359 -> -0.29165998 | AW107: =(AT107 * LOG(AQ107 + 1)) / LOG(MAX(AQ$2:AQ$356) + 1) * 100 -> 6075.2023 | AX107: =sum(AW107-AW$358)/AW$359 -> -0.37934846 | AY107: =PERCENTRANK(AX$2:AX$356,AX107) -> 0.333 | AZ107: 4.42 | BA107: =PERCENTRANK(AZ$2:AZ$356,AZ107) -> 0.237 | BB107: =sum(AZ107-AZ$358)/AZ$359 -> -0.79680647 | BC107: 43.94 | BD107: =PERCENTRANK(BC$2:BC$356,BC107) -> 0.158 | BE107: =sum(BC107-BC$358)/BC$359 -> -0.92297624 | BF107: =(BC107 * LOG(AZ107 + 1)) / LOG(MAX(AZ$2:AZ$356) + 1) * 100 -> 2830.981 | BG107: =sum(BF107-BF$358)/BF$359 -> -1.0858516 | BH107: =PERCENTRANK(BG$2:BG$356,BG107) -> 0.136 | BI107: 6.36 | BJ107: =PERCENTRANK(BI$2:BI$356,BI107) -> 0.169 | BK107: =sum(BI107-BI$358)/BI$359 -> -0.94923489 | BL107: 66.84 | BM107: =PERCENTRANK(BL$2:BL$356,BL107) -> 0.379 | BN107: =sum(BL107-BL$358)/BL$359 -> -0.23701969 | BO107: =(BL107 * LOG(BI107 + 1)) / LOG(MAX(BI$2:BI$356) + 1) * 100 -> 4858.6026 | BP107: =sum(BO107-BO$358)/BO$359 -> -0.68771423 | BQ107: =PERCENTRANK(BP$2:BP$356,BP107) -> 0.232 | BR107: =sum(AO107,AX107,BG107,BP107) -> -3.2005976 | BS107: =PERCENTRANK(BR$2:BR$356,BR107) -> 0.144
... A134: 2022 | B134: G. Lillard | C134: Loudoun United | D134: {=INDEX( TP!C:C, MATCH( 1, (TP!A:A = A134) * (TP!B:B = C134), 0 ) )} -> 50.78 | E134: =sum(AF134,BR134) -> 8.3676294 | F134: =PERCENTRANK(E$2:E$356,E134) -> 0.992 | G134: 6.55 | H134: =PERCENTRANK(G$2:G$356,G134) -> 0.805 | I134: =sum(G134-G$358)/G$359 -> 0.87292951 | J134: =G134 * (2/(1+EXP(-7*(($D134/100)-0.5)))) -> 6.7287706 | K134: =PERCENTRANK(J$2:J$356,J134) -> 0.827 | L134: =sum(J134-J$358)/J$359 -> 0.99324854 | M134: 72.04 | N134: =PERCENTRANK(M$2:M$356,M134) -> 0.862 | O134: =sum(M134-M$358)/M$359 -> 1.0626545 | P134: =(M134 * LOG(J134 + 1)) / LOG(MAX(J$2:J$356) + 1) * 100 -> 6232.0798 | Q134: =sum(P134-P$358)/P$359 -> 1.4937514 | R134: =PERCENTRANK(Q$2:Q$356,Q134) -> 0.938 | S134: 6.13 | T134: =S134 * (2/(1+EXP(-7*(($D134/100)-0.5)))) -> 6.2973074 | U134: =PERCENTRANK(T$2:T$356,T134) -> 0.977 | V134: =sum(S134-S$358)/S$359 -> 2.0592874 | W134: 68.97 | X134: =PERCENTRANK(W$2:W$356,W134) -> 0.881 | Y134: =sum(W134-W$358)/W$359 -> 1.1810911 | Z134: =(W134 * LOG(T134 + 1)) / LOG(MAX(T$2:T$356) + 1) * 100 -> 6627.5659 | AA134: =sum(Z134-Z$358)/Z$359 -> 2.0489629 | AB134: =PERCENTRANK(AA$2:AA$356,AA134) -> 0.986 | AC134: 8.81 | AD134: =PERCENTRANK(AC$2:AC$356,AC134) -> 0.958 | AE134: =sum(AC134-AC$358)/AC$359 -> 1.9228975 | AF134: =sum(Q134,AA134,AE134) -> 5.4656119 | AG134: =PERCENTRANK(AF$2:AF$356,AF134) -> 0.997 | AH134: 20.51 | AI134: =PERCENTRANK(AH$2:AH$356,AH134) -> 0.692 | AJ134: =sum(AH134-AH$358)/AH$359 -> 0.39510311 | AK134: 95.88 | AL134: =PERCENTRANK(AK$2:AK$356,AK134) -> 0.672 | AM134: =sum(AK134-AK$358)/AK$359 -> 0.54466061 | AN134: =(AK134 * LOG(AH134 + 1)) / LOG(MAX(AH$2:AH$356) + 1) * 100 -> 8281.79 | AO134: =sum(AN134-AN$358)/AN$359 -> 0.53839803 | AP134: =PERCENTRANK(AO$2:AO$356,AO134) -> 0.718 | AQ134: 25.3 | AR134: =PERCENTRANK(AQ$2:AQ$356,AQ134) -> 0.983 | AS134: =sum(AQ134-AQ$358)/AQ$359 -> 2.1285034 | AT134: 73.26 | AU134: =PERCENTRANK(AT$2:AT$356,AT134) -> 0.381 | AV134: =sum(AT134-AT$358)/AT$359 -> -0.20626957 | AW134: =(AT134 * LOG(AQ134 + 1)) / LOG(MAX(AQ$2:AQ$356) + 1) * 100 -> 6942.2449 | AX134: =sum(AW134-AW$358)/AW$359 -> 0.84425445 | AY134: =PERCENTRANK(AX$2:AX$356,AX134) -> 0.814 | AZ134: 7.96 | BA134: =PERCENTRANK(AZ$2:AZ$356,AZ134) -> 0.862 | BB134: =sum(AZ134-AZ$358)/AZ$359 -> 1.0695322 | BC134: 51.33 | BD134: =PERCENTRANK(BC$2:BC$356,BC134) -> 0.534 | BE134: =sum(BC134-BC$358)/BC$359 -> 0.087785998 | BF134: =(BC134 * LOG(AZ134 + 1)) / LOG(MAX(AZ$2:AZ$356) + 1) * 100 -> 4290.7179 | BG134: =sum(BF134-BF$358)/BF$359 -> 0.78904422 | BH134: =PERCENTRANK(BG$2:BG$356,BG134) -> 0.763 | BI134: 11.28 | BJ134: =PERCENTRANK(BI$2:BI$356,BI134) -> 0.969 | BK134: =sum(BI134-BI$358)/BI$359 -> 1.7991011 | BL134: 66.88 | BM134: =PERCENTRANK(BL$2:BL$356,BL134) -> 0.384 | BN134: =sum(BL134-BL$358)/BL$359 -> -0.23094522 | BO134: =(BL134 * LOG(BI134 + 1)) / LOG(MAX(BI$2:BI$356) + 1) * 100 -> 6108.2991 | BP134: =sum(BO134-BO$358)/BO$359 -> 0.73032087 | BQ134: =PERCENTRANK(BP$2:BP$356,BP134) -> 0.763 | BR134: =sum(AO134,AX134,BG134,BP134) -> 2.9020176 | BS134: =PERCENTRANK(BR$2:BR$356,BR134) -> 0.833
